"visit_date","week","utm_source","utm_medium","utm_campaign","visitors_count","total_cost","leads_count","purchases_count","revenue","visitor_to_lead_conversion","lead_to_purchase_conversion"
2023-06-01,22,Yandex,cpc,"03997128",1,,,,,,
2023-06-01,22,Yandex,cpm,"01097402",1,,,,,,
2023-06-01,22,admitad,cpa,admitad,60,,,,,,
2023-06-01,22,bing.com,organic,,38,,,,,,
2023-06-01,22,go.mail.ru,organic,,1,,,,,,
2023-06-01,22,google,cpc,frontend,3,,,,,,
2023-06-01,22,google,organic,,4822,,6,,,,
2023-06-01,22,organic,organic,,1371,,2,,,,
2023-06-01,22,telegram,cpp,base-frontend,5,,,,,,
2023-06-01,22,telegram,cpp,base-java,33,,,,,,
2023-06-01,22,telegram,cpp,base-python,38,,,,,,
2023-06-01,22,telegram,cpp,dod-java,2,,,,,,
2023-06-01,22,telegram,cpp,dod-php,3,,,,,,
2023-06-01,22,telegram,cpp,intensive-python,1,,,,,,
2023-06-01,22,telegram,cpp,prof-php,1,,,,,,
2023-06-01,22,telegram,cpp,prof-python,1,,1,,,1.00,
2023-06-01,22,telegram,social,course_completed,3,,,,,,
2023-06-01,22,telegram,social,mdtrue*studenty-mnogih-onlayn-kursov-p,1,,,,,,
2023-06-01,22,tproger,cpc,dod-frontend,11,,,,,,
2023-06-01,22,twitter,social,devushki_v_it,1,,,,,,
2023-06-01,22,twitter,social,hexlet-blog,1,,,,,,
2023-06-01,22,twitter,social,promo,1,,,,,,
2023-06-01,22,twitter.com,social,buffer,1,,,,,,
2023-06-01,22,vc,cpp,dod-php,1,,,,,,
2023-06-01,22,vk,cpc,base-python,50,2537,28,1,9072,0.56,0.04
2023-06-01,22,vk,cpc,freemium-frontend,65,3160,29,2,103307,0.45,0.07
2023-06-01,22,vk,cpc,freemium-java,36,487,18,,,0.50,
2023-06-01,22,vk,cpc,freemium-python,39,980,20,,,0.51,
2023-06-01,22,vk,cpc,prof-data-analytics,44,1072,25,,,0.57,
2023-06-01,22,vk,cpc,prof-frontend,17,,7,,,0.41,
2023-06-01,22,vk,cpc,prof-java,49,3115,21,2,232726,0.43,0.10
2023-06-01,22,vk,cpc,prof-python,61,2028,30,2,94023,0.49,0.07
2023-06-01,22,vk,cpm,prof-data-analytics,8,385,4,,,0.50,
2023-06-01,22,vk,cpp,dod-php,3,,,,,,
2023-06-01,22,vk,cpp,intensive-python,2,,,,,,
2023-06-01,22,vk,social,all-courses,1,,,,,,
2023-06-01,22,vk,social,course_completed,1,,,,,,
2023-06-01,22,vk,social,hexlet-blog,1,,,,,,
2023-06-01,22,vk,social,hexlet.io/my,1,,,,,,
2023-06-01,22,vk-senler,cpc,base-frontend,1,,,,,,
2023-06-01,22,vk-senler,cpc,freemium,7,,,,,,
2023-06-01,22,yandex,cpc,base-frontend,29,18061,28,1,201150,0.97,0.04
2023-06-01,22,yandex,cpc,base-java,13,19252,13,1,48000,1.00,0.08
2023-06-01,22,yandex,cpc,base-professions-retarget,3,151,3,,,1.00,
2023-06-01,22,yandex,cpc,base-python,22,12524,19,3,208875,0.86,0.16
2023-06-01,22,yandex,cpc,dod-frontend,2,2871,2,,,1.00,
2023-06-01,22,yandex,cpc,dod-java,3,2906,3,,,1.00,
2023-06-01,22,yandex,cpc,dod-php,2,5964,2,,,1.00,
2023-06-01,22,yandex,cpc,dod-professions,3,,3,,,1.00,
2023-06-01,22,yandex,cpc,dod-python-java,2,,2,,,1.00,
2023-06-01,22,yandex,cpc,freemium,70,21654,69,16,1152068,0.99,0.23
2023-06-01,22,yandex,cpc,prof-data-analytics,11,10086,11,2,220264,1.00,0.18
2023-06-01,22,yandex,cpc,prof-frontend,59,57138,55,8,623451,0.93,0.15
2023-06-01,22,yandex,cpc,prof-java,33,29490,33,1,80136,1.00,0.03
2023-06-01,22,yandex,cpc,prof-professions-brand,9,4818,9,1,79155,1.00,0.11
2023-06-01,22,yandex,cpc,prof-professions-retarget,8,1714,8,,,1.00,
2023-06-01,22,yandex,cpc,prof-python,44,33026,44,3,239359,1.00,0.07
2023-06-01,22,yandex.com,organic,,2,,,,,,
2023-06-01,22,zen,social,hexlet-blog,8,,,,,,
2023-06-01,22,zen,social,prof-backend,4,,,,,,
2023-06-01,22,zen,social,prof-frontend,7,,,,,,
2023-06-02,22,admitad,cpa,admitad,49,,,,,,
2023-06-02,22,baidu.com,organic,,3,,,,,,
2023-06-02,22,bing.com,organic,,30,,,,,,
2023-06-02,22,botmother,tg,frontend,1,,,,,,
2023-06-02,22,facebook,cpm,freemium-en,1,,,,,,
2023-06-02,22,google,organic,,4069,,4,2,123666,,0.50
2023-06-02,22,organic,organic,,1288,,4,,,,
2023-06-02,22,partners,cpc,prof-python,1,,,,,,
2023-06-02,22,telegram,cpp,base-frontend,1,,,,,,
2023-06-02,22,telegram,cpp,base-java,23,,,,,,
2023-06-02,22,telegram,cpp,base-python,11,,,,,,
2023-06-02,22,telegram,cpp,dod-java,10,,,,,,
2023-06-02,22,telegram,cpp,dod-php,8,,,,,,
2023-06-02,22,telegram,cpp,prof-frontend,1,,1,,,1.00,
2023-06-02,22,telegram,cpp,prof-python,1,,,,,,
2023-06-02,22,telegram,social,course_completed,1,,,,,,
2023-06-02,22,tg,social,newdirections,1,,,,,,
2023-06-02,22,tproger,cpc,dod-frontend,55,,,,,,
2023-06-02,22,twitter,social,devushki_v_it,2,,,,,,
2023-06-02,22,vc,cpp,dod-php,1,,,,,,
2023-06-02,22,vk,cpc,base-python,133,2536,,,,,
2023-06-02,22,vk,cpc,freemium,1,,,,,,
2023-06-02,22,vk,cpc,freemium-frontend,207,2538,,,,,
2023-06-02,22,vk,cpc,freemium-java,163,2536,,,,,
2023-06-02,22,vk,cpc,freemium-python,143,1739,,,,,
2023-06-02,22,vk,cpc,prof-data-analytics,178,4060,,,,,
2023-06-02,22,vk,cpc,prof-frontend,120,,,,,,
2023-06-02,22,vk,cpc,prof-java,216,2783,,,,,
2023-06-02,22,vk,cpc,prof-python,240,2032,,,,,
2023-06-02,22,vk,cpm,prof-data-analytics,14,,,,,,
2023-06-02,22,vk,cpm,prof-frontend,4,,,,,,
2023-06-02,22,vk,cpp,base-frontend,1,,,,,,
2023-06-02,22,vk,cpp,dod-php,2,,,,,,
2023-06-02,22,vk,social,all-courses,1,,,,,,
2023-06-02,22,vk,social,base-python,1,,,,,,
2023-06-02,22,vk,social,hexlet-blog,2,,,,,,
2023-06-02,22,vk-senler,cpc,freemium,9,,,,,,
2023-06-02,22,yandex-direct,cpc,"34668848",1,,,,,,
2023-06-02,22,yandex-direct,cpm,"00788899",1,,,,,,
2023-06-02,22,yandex.com,organic,,5,,,,,,
2023-06-02,22,zen,social,hexlet-blog,5,,,,,,
2023-06-02,22,zen,social,prof-frontend,3,,,,,,
2023-06-02,22,zen,social,promo,3,,,,,,
2023-06-03,22,Yandex,cpc,"02284027",1,,,,,,
2023-06-03,22,Yandex,cpc,"59988739",1,,,,,,
2023-06-03,22,Yandex,cpm,"94599791",1,,,,,,
2023-06-03,22,admitad,cpa,"442763",1,,,,,,
2023-06-03,22,admitad,cpa,admitad,39,,,,,,
2023-06-03,22,baidu.com,organic,,5,,,,,,
2023-06-03,22,bing.com,organic,,18,,,,,,
2023-06-03,22,facebook,cpm,freemium-en,1,,,,,,
2023-06-03,22,google,cpc,frontend,2,,,,,,
2023-06-03,22,google,organic,,2568,,1,,,,
2023-06-03,22,organic,organic,,912,,1,,,,
2023-06-03,22,telegram,cpp,base-frontend,6,,,,,,
2023-06-03,22,telegram,cpp,base-java,2,,,,,,
2023-06-03,22,telegram,cpp,base-python,11,,,,,,
2023-06-03,22,telegram,cpp,dod-java,1,,,,,,
2023-06-03,22,telegram,cpp,prof-frontend,2,,,,,,
2023-06-03,22,telegram,cpp,prof-python,1,,,,,,
2023-06-03,22,telegram,social,base-java,1,,,,,,
2023-06-03,22,tproger,cpc,dod-frontend,207,,,,,,
2023-06-03,22,twitter,social,course_completed,1,,,,,,
2023-06-03,22,vc,cpp,dod-frontend,1,,,,,,
2023-06-03,22,vk,cpc,base-python,101,2997,,,,,
2023-06-03,22,vk,cpc,freemium-frontend,211,2539,,,,,
2023-06-03,22,vk,cpc,freemium-java,148,2656,,,,,
2023-06-03,22,vk,cpc,freemium-python,122,1390,,,,,
2023-06-03,22,vk,cpc,prof-data-analytics,172,3974,,,,,
2023-06-03,22,vk,cpc,prof-frontend,122,,,,,,
2023-06-03,22,vk,cpc,prof-java,198,2774,,,,,
2023-06-03,22,vk,cpc,prof-python,204,2023,,,,,
2023-06-03,22,vk,cpm,java,1,,,,,,
2023-06-03,22,vk,cpm,prof-data-analytics,12,,,,,,
2023-06-03,22,vk,cpm,prof-frontend,3,,,,,,
2023-06-03,22,vk,cpp,dod-php,3,,,,,,
2023-06-03,22,vk,social,base-frontend,1,,,,,,
2023-06-03,22,vk,social,hexlet-blog,2,,,,,,
2023-06-03,22,vk,social,promo,1,,,,,,
2023-06-03,22,vk-senler,cpc,freemium,16,,1,,,0.06,
2023-06-03,22,yandex-direct,cpc,"16645437",1,,,,,,
2023-06-03,22,yandex.com,organic,,2,,,,,,
2023-06-03,22,zen,social,all-courses,1,,,,,,
2023-06-03,22,zen,social,promo,9,,,,,,
2023-06-04,22,Yandex,cpc,"55670133",1,,,,,,
2023-06-04,22,admitad,cpa,admitad,27,,,,,,
2023-06-04,22,admitad,cpc,"183258",1,,,,,,
2023-06-04,22,baidu.com,organic,,5,,,,,,
2023-06-04,22,bing.com,organic,,24,,,,,,
2023-06-04,22,dzen,social,dzen_post,1,,,,,,
2023-06-04,22,google,organic,,682,,1,,,,
2023-06-04,22,instagram,social,prof-php,1,,,,,,
2023-06-04,22,organic,organic,,658,,2,,,,
2023-06-04,22,telegram,cpp,base-frontend,10,,,,,,
2023-06-04,22,telegram,cpp,base-java,8,,,,,,
2023-06-04,22,telegram,cpp,base-python,47,,,,,,
2023-06-04,22,telegram,cpp,dod-java,1,,,,,,
2023-06-04,22,telegram,cpp,intensive-python,1,,,,,,
2023-06-04,22,telegram,cpp,prof-frontend,1,,,,,,
2023-06-04,22,telegram,cpp,prof-python,3,,,,,,
2023-06-04,22,telegram,social,special,1,,,,,,
2023-06-04,22,tproger,cpc,dod-frontend,155,,,,,,
2023-06-04,22,twitter,social,promo,1,,,,,,
2023-06-04,22,twitter.com,social,svezhiy-vzglyad-na-prohozhdenie-proektov-ot,1,,,,,,
2023-06-04,22,vk,cpc,base-python,145,2537,,,,,
2023-06-04,22,vk,cpc,freemium-frontend,224,2538,,,,,
2023-06-04,22,vk,cpc,freemium-java,150,1566,,,,,
2023-06-04,22,vk,cpc,freemium-python,129,1305,,,,,
2023-06-04,22,vk,cpc,php,1,,,,,,
2023-06-04,22,vk,cpc,prof-data-analytics,132,3740,,,,,
2023-06-04,22,vk,cpc,prof-frontend,113,,,,,,
2023-06-04,22,vk,cpc,prof-java,188,1627,,,,,
2023-06-04,22,vk,cpc,prof-python,213,2032,,,,,
2023-06-04,22,vk,cpm,prof-data-analytics,24,701,,,,,
2023-06-04,22,vk,cpm,prof-frontend,11,,,,,,
2023-06-04,22,vk,cpp,dod-php,2,,,,,,
2023-06-04,22,vk,social,all-courses,1,,,,,,
2023-06-04,22,vk,social,course_completed,1,,,,,,
2023-06-04,22,vk,social,general,2,,,,,,
2023-06-04,22,vk,social,hexlet-blog,4,,,,,,
2023-06-04,22,vk,social,prof-qa,1,,,,,,
2023-06-04,22,vk-senler,cpc,freemium,6,,,,,,
2023-06-04,22,zen,social,promo,1,,,,,,
2023-06-05,23,Yandex,cpc,"16951197",1,,,,,,
2023-06-05,23,Yandex,cpc,"67652027",1,,,,,,
2023-06-05,23,admitad,cpa,admitad,35,,,,,,
2023-06-05,23,baidu.com,organic,,1,,,,,,
2023-06-05,23,bing.com,organic,,37,,,,,,
2023-06-05,23,facebook,cpc,frontend,1,,,,,,
2023-06-05,23,google,cpc,frontend,1,,,,,,
2023-06-05,23,google,organic,,4590,,3,1,237990,,0.33
2023-06-05,23,instagram,social,prof-data-analyst,1,,,,,,
2023-06-05,23,organic,organic,,790,,2,,,,
2023-06-05,23,podcast,social,unpack,1,,,,,,
2023-06-05,23,search.ukr.net,organic,,1,,,,,,
2023-06-05,23,telegram,cpm,frontend,1,,,,,,
2023-06-05,23,telegram,cpp,base-frontend,26,,,,,,
2023-06-05,23,telegram,cpp,base-java,19,,,,,,
2023-06-05,23,telegram,cpp,base-python,29,,,,,,
2023-06-05,23,telegram,cpp,dod-java,5,,,,,,
2023-06-05,23,telegram,cpp,prof-frontend,1,,,,,,
2023-06-05,23,telegram,cpp,prof-java,4,,,,,,
2023-06-05,23,telegram,cpp,prof-python,2,,,,,,
2023-06-05,23,telegram,social,course_completed,1,,,,,,
2023-06-05,23,telegram,social,hexlet-blog,3,,,,,,
2023-06-05,23,telegram,social,kak_gumanitariyu_popast-v_it,1,,,,,,
2023-06-05,23,tproger,cpc,dod-frontend,49,,,,,,
2023-06-05,23,vc,cpp,dod-php,1,,,,,,
2023-06-05,23,vk,cpc,base-python,124,1980,,,,,
2023-06-05,23,vk,cpc,freemium-frontend,192,2538,,,,,
2023-06-05,23,vk,cpc,freemium-java,138,397,,,,,
2023-06-05,23,vk,cpc,freemium-python,138,1118,,,,,
2023-06-05,23,vk,cpc,prof-data-analytics,154,3048,,,,,
2023-06-05,23,vk,cpc,prof-frontend,110,,,,,,
2023-06-05,23,vk,cpc,prof-java,191,2022,,,,,
2023-06-05,23,vk,cpc,prof-python,182,5077,,,,,
2023-06-05,23,vk,cpm,base,1,,,,,,
2023-06-05,23,vk,cpm,prof-data-analytics,23,761,,,,,
2023-06-05,23,vk,cpm,prof-frontend,3,,,,,,
2023-06-05,23,vk,cpp,dod-frontend,1,,,,,,
2023-06-05,23,vk,cpp,dod-php,5,,1,,,0.20,
2023-06-05,23,vk,social,all-courses,2,,,,,,
2023-06-05,23,vk,social,base-frontend,1,,,,,,
2023-06-05,23,vk,social,base-java,3,,,,,,
2023-06-05,23,vk,social,base-python,3,,,,,,
2023-06-05,23,vk,social,dod-php,1,,,,,,
2023-06-05,23,vk,social,planiruy-uchebu--fokusiruysya-na-protsesse,1,,,,,,
2023-06-05,23,vk,social,prof-frontend,1,,,,,,
2023-06-05,23,vk-senler,cpc,dod-php,12,,,,,,
2023-06-05,23,vk-senler,cpc,freemium,4,,,,,,
2023-06-05,23,yandex-direct,cpc,"08062768",1,,,,,,
2023-06-05,23,yandex.com,organic,,2,,,,,,
2023-06-05,23,zen,social,hexlet-blog,1,,,,,,
2023-06-06,23,admitad,cpa,admitad,31,,,,,,
2023-06-06,23,admitad,cpc,"183258",1,,,,,,
2023-06-06,23,baidu.com,organic,,5,,,,,,
2023-06-06,23,bing.com,organic,,26,,,,,,
2023-06-06,23,go.mail.ru,organic,,1,,,,,,
2023-06-06,23,google,cpc,frontend,2,,,,,,
2023-06-06,23,google,organic,,4862,,4,1,119200,,0.25
2023-06-06,23,instagram,social,all-courses,1,,,,,,
2023-06-06,23,organic,organic,,1016,,,,,,
2023-06-06,23,slack,social,base_alg,1,,,,,,
2023-06-06,23,telegram,cpm,python,1,,,,,,
2023-06-06,23,telegram,cpp,base-frontend,51,,,,,,
2023-06-06,23,telegram,cpp,base-java,13,,,,,,
2023-06-06,23,telegram,cpp,base-php,1,,,,,,
2023-06-06,23,telegram,cpp,base-python,24,,,,,,
2023-06-06,23,telegram,cpp,dod-java,4,,,,,,
2023-06-06,23,telegram,cpp,prof-data-analytics,1,,,,,,
2023-06-06,23,telegram,cpp,prof-frontend,1,,,,,,
2023-06-06,23,telegram,cpp,prof-java,3,,,,,,
2023-06-06,23,telegram,cpp,prof-python,3,,,,,,
2023-06-06,23,telegram,social,course_completed,1,,,,,,
2023-06-06,23,tproger,cpc,dod-frontend,8,,,,,,
2023-06-06,23,twitter,social,course_completed,1,,,,,,
2023-06-06,23,vc,cpp,dod-frontend,1,,1,,,1.00,
2023-06-06,23,vk,cpc,base-python,121,3301,,,,,
2023-06-06,23,vk,cpc,freemium,3,,,,,,
2023-06-06,23,vk,cpc,freemium-frontend,171,3348,,,,,
2023-06-06,23,vk,cpc,freemium-java,139,1916,,,,,
2023-06-06,23,vk,cpc,freemium-python,104,1854,,,,,
2023-06-06,23,vk,cpc,prof-data-analytics,135,3044,,,,,
2023-06-06,23,vk,cpc,prof-frontend,111,,,,,,
2023-06-06,23,vk,cpc,prof-java,159,1137,,,,,
2023-06-06,23,vk,cpc,prof-python,185,5078,,,,,
2023-06-06,23,vk,cpm,prof-data-analytics,13,759,,,,,
2023-06-06,23,vk,cpp,base-frontend,5,,,,,,
2023-06-06,23,vk,cpp,dod-php,4,,,,,,
2023-06-06,23,vk,social,all-courses,1,,,,,,
2023-06-06,23,vk,social,base-java,4,,,,,,
2023-06-06,23,vk,social,base-python,1,,,,,,
2023-06-06,23,vk,social,dod-frontend,1,,,,,,
2023-06-06,23,vk,social,dod-php,1,,,,,,
2023-06-06,23,vk,social,dod-professions,1,,,,,,
2023-06-06,23,vk,social,general,3,,,,,,
2023-06-06,23,vk,social,hexlet-blog,1,,1,,,1.00,
2023-06-06,23,vk,social,hexlet.io/my,1,,,,,,
2023-06-06,23,vk,social,kak-dzhunu-napisat-soprovoditelnoe-pis,1,,,,,,
2023-06-06,23,vk,social,prof-frontend,3,,,,,,
2023-06-06,23,vk,social,prof-rails,1,,,,,,
2023-06-06,23,vk-senler,cpc,dod-php,1,,,,,,
2023-06-06,23,vk-senler,cpc,freemium,16,,,,,,
2023-06-06,23,vk.com,social,na-hekslete-poyavilas-novaya-professiya-v,1,,,,,,
2023-06-06,23,yandex-direct,cpc,"68583881",1,,,,,,
2023-06-06,23,yandex.com,organic,,3,,,,,,
2023-06-07,23,admitad,cpa,admitad,48,,,,,,
2023-06-07,23,baidu.com,organic,,2,,,,,,
2023-06-07,23,bing.com,organic,,41,,,,,,
2023-06-07,23,botmother,tg,frontend,1,,,,,,
2023-06-07,23,facebook,cpc,python,1,,,,,,
2023-06-07,23,facebook,social,course_completed,1,,,,,,
2023-06-07,23,google,organic,,726,,,,,,
2023-06-07,23,instagram,social,hexlet-blog,1,,,,,,
2023-06-07,23,instagram,social,taplink,1,,,,,,
2023-06-07,23,organic,organic,,834,,5,,,0.01,
2023-06-07,23,public,social,open_lectures23,1,,,,,,
2023-06-07,23,telegram,cpm,java,1,,,,,,
2023-06-07,23,telegram,cpp,base-frontend,36,,,,,,
2023-06-07,23,telegram,cpp,base-java,4,,,,,,
2023-06-07,23,telegram,cpp,base-python,13,,,,,,
2023-06-07,23,telegram,cpp,dod-frontend,1,,,,,,
2023-06-07,23,telegram,cpp,dod-java,9,,1,,,0.11,
2023-06-07,23,telegram,cpp,prof-frontend,1,,,,,,
2023-06-07,23,telegram,cpp,prof-java,7,,1,,,0.14,
2023-06-07,23,telegram,cpp,prof-python,2,,,,,,
2023-06-07,23,telegram,social,base-python,1,,,,,,
2023-06-07,23,telegram,social,promo,1,,,,,,
2023-06-07,23,telegram,social,,1,,,,,,
2023-06-07,23,tproger,cpc,dod-frontend,8,,,,,,
2023-06-07,23,vk,cpc,base-python,107,2516,,,,,
2023-06-07,23,vk,cpc,freemium-frontend,169,2535,,,,,
2023-06-07,23,vk,cpc,freemium-java,113,2532,,,,,
2023-06-07,23,vk,cpc,freemium-python,111,2916,,,,,
2023-06-07,23,vk,cpc,frontend,1,,,,,,
2023-06-07,23,vk,cpc,prof-data-analytics,110,3048,,,,,
2023-06-07,23,vk,cpc,prof-frontend,94,,,,,,
2023-06-07,23,vk,cpc,prof-java,166,1126,,,,,
2023-06-07,23,vk,cpc,prof-python,190,5079,,,,,
2023-06-07,23,vk,cpm,prof-data-analytics,12,762,,,,,
2023-06-07,23,vk,cpm,prof-frontend,1,,,,,,
2023-06-07,23,vk,cpp,base-frontend,9,,,,,,
2023-06-07,23,vk,social,all-courses,1,,,,,,
2023-06-07,23,vk,social,base-java,2,,,,,,
2023-06-07,23,vk,social,base-python,6,,,,,,
2023-06-07,23,vk,social,general,2,,,,,,
2023-06-07,23,vk,social,hexlet-blog,3,,1,1,84000,0.33,1.00
2023-06-07,23,vk,social,prof-frontend,1,,,,,,
2023-06-07,23,vk,social,prof-python,2,,,,,,
2023-06-07,23,vk-senler,cpc,dod-frontend,1,,,,,,
2023-06-07,23,vk-senler,cpc,freemium,16,,,,,,
2023-06-07,23,yandex-direct,cpc,"51752512",1,,,,,,
2023-06-07,23,yandex.com,organic,,5,,,,,,
2023-06-07,23,zen,social,prof-frontend,1,,,,,,
2023-06-08,23,admitad,cpa,admitad,46,,,,,,
2023-06-08,23,baidu.com,organic,,4,,,,,,
2023-06-08,23,bing.com,organic,,37,,,,,,
2023-06-08,23,facebook.com,social,buffer,1,,,,,,
2023-06-08,23,google,organic,,4594,,5,1,53640,,0.20
2023-06-08,23,organic,organic,,1303,,2,,,,
2023-06-08,23,search.ukr.net,organic,,1,,,,,,
2023-06-08,23,telegram,cpp,base-frontend,21,,,,,,
2023-06-08,23,telegram,cpp,base-java,1,,,,,,
2023-06-08,23,telegram,cpp,base-python,7,,,,,,
2023-06-08,23,telegram,cpp,dod-frontend,3,,1,,,0.33,
2023-06-08,23,telegram,cpp,dod-java,2,,1,,,0.50,
2023-06-08,23,telegram,cpp,dod-php,1,,,,,,
2023-06-08,23,telegram,cpp,prof-frontend,1,,,,,,
2023-06-08,23,telegram,cpp,prof-java,2,,,,,,
2023-06-08,23,telegram,cpp,prof-python,20,,1,,,0.05,
2023-06-08,23,telegram,social,hexlet-blog,1,,,,,,
2023-06-08,23,telegram,social,mdtruehaskell--funktsionalnyy-yazyk,1,,,,,,
2023-06-08,23,timepad,cpp,base-frontend,44,,,,,,
2023-06-08,23,tproger,cpc,dod-frontend,10,,,,,,
2023-06-08,23,vk,cpc,base-python,111,1009,,,,,
2023-06-08,23,vk,cpc,freemium-frontend,193,2575,,,,,
2023-06-08,23,vk,cpc,freemium-java,124,2531,,,,,
2023-06-08,23,vk,cpc,freemium-python,108,2532,,,,,
2023-06-08,23,vk,cpc,php,1,,,,,,
2023-06-08,23,vk,cpc,prof-data-analytics,135,3013,,,,,
2023-06-08,23,vk,cpc,prof-frontend,117,592,,,,,
2023-06-08,23,vk,cpc,prof-java,172,1594,,,,,
2023-06-08,23,vk,cpc,prof-python,188,5076,,,,,
2023-06-08,23,vk,cpm,php,1,,,,,,
2023-06-08,23,vk,cpm,prof-data-analytics,17,762,,,,,
2023-06-08,23,vk,cpm,prof-frontend,3,,,,,,
2023-06-08,23,vk,cpp,base-frontend,15,,,,,,
2023-06-08,23,vk,cpp,dod-career,1,,,,,,
2023-06-08,23,vk,cpp,intensive-python,1,,,,,,
2023-06-08,23,vk,social,general,3,,,,,,
2023-06-08,23,vk,social,hexlet-blog,3,,,,,,
2023-06-08,23,vk,social,prof-data-analytics,1,,,,,,
2023-06-08,23,vk-senler,cpc,dod-frontend,1,,,,,,
2023-06-08,23,vk-senler,cpc,dod-professions,1,,,,,,
2023-06-08,23,vk-senler,cpc,freemium,11,,,,,,
2023-06-08,23,yandex.com,organic,,1,,,,,,
2023-06-08,23,zen,social,all-courses,1,,,,,,
2023-06-08,23,zen,social,hexlet-blog,1,,,,,,
2023-06-08,23,zen,social,prof-data-analytics,1,,,,,,
2023-06-09,23,Yandex,cpc,"42790821",1,,,,,,
2023-06-09,23,Yandex,cpc,"87255026",1,,,,,,
2023-06-09,23,admitad,cpa,admitad,43,,,,,,
2023-06-09,23,baidu.com,organic,,6,,,,,,
2023-06-09,23,bing.com,organic,,33,,,,,,
2023-06-09,23,go.mail.ru,organic,,2,,,,,,
2023-06-09,23,google,organic,,3948,,3,,,,
2023-06-09,23,mytarget,cpc,freemium,1,,,,,,
2023-06-09,23,organic,organic,,1223,,2,,,,
2023-06-09,23,rutube,social,all-courses,1,,,,,,
2023-06-09,23,social,youtube,chistie-funktsii,1,,,,,,
2023-06-09,23,telegram,cpp,base-frontend,15,,,,,,
2023-06-09,23,telegram,cpp,base-java,2,,,,,,
2023-06-09,23,telegram,cpp,dod-frontend,3,,,,,,
2023-06-09,23,telegram,cpp,prof-frontend,2,,,,,,
2023-06-09,23,telegram,cpp,prof-java,2,,1,,,0.50,
2023-06-09,23,telegram,cpp,prof-python,3,,,,,,
2023-06-09,23,telegram,social,hexlet-blog,1,,,,,,
2023-06-09,23,telegram,social,kak-gumanitariy-stal-bekend-razrabotchiko,1,,,,,,
2023-06-09,23,telegram.me,social,klassicheskaya-zadachka-fizzbuzz-na-hekslet,1,,,,,,
2023-06-09,23,telegram.me,social,na-hekslet-poyavilis-novye-ispytaniya-v-k,1,,,,,,
2023-06-09,23,timepad,cpp,base-frontend,32,,,,,,
2023-06-09,23,tproger,cpc,dod-frontend,6,,,,,,
2023-06-09,23,twitter,social,devushki_v_it,1,,,,,,
2023-06-09,23,vk,cpc,base-python,105,,,,,,
2023-06-09,23,vk,cpc,freemium-frontend,181,2534,,,,,
2023-06-09,23,vk,cpc,freemium-java,108,2533,,,,,
2023-06-09,23,vk,cpc,freemium-python,120,2533,,,,,
2023-06-09,23,vk,cpc,prof-data-analytics,160,4502,,,,,
2023-06-09,23,vk,cpc,prof-frontend,112,5077,1,,,0.01,
2023-06-09,23,vk,cpc,prof-java,161,4610,,,,,
2023-06-09,23,vk,cpc,prof-python,182,5077,,,,,
2023-06-09,23,vk,cpm,prof-data-analytics,11,64,,,,,
2023-06-09,23,vk,cpm,prof-frontend,5,,,,,,
2023-06-09,23,vk,cpp,base-frontend,7,,,,,,
2023-06-09,23,vk,social,all-courses,2,,,,,,
2023-06-09,23,vk,social,base-frontend,2,,,,,,
2023-06-09,23,vk,social,base-python,1,,,,,,
2023-06-09,23,vk,social,dod-frontend,1,,,,,,
2023-06-09,23,vk,social,dod-php,1,,,,,,
2023-06-09,23,vk-senler,cpc,freemium,9,,,,,,
2023-06-09,23,yandex.com,organic,,1,,,,,,
2023-06-10,23,admitad,cpa,admitad,23,,,,,,
2023-06-10,23,baidu.com,organic,,4,,,,,,
2023-06-10,23,bing.com,organic,,26,,,,,,
2023-06-10,23,facebook,social,course_completed,1,,,,,,
2023-06-10,23,go.mail.ru,organic,,1,,,,,,
2023-06-10,23,google,cpc,frontend,2,,,,,,
2023-06-10,23,google,organic,,2355,,5,1,1560,,0.20
2023-06-10,23,organic,organic,,689,,,,,,
2023-06-10,23,search.ukr.net,organic,,1,,,,,,
2023-06-10,23,telegram,cpp,base-frontend,8,,,,,,
2023-06-10,23,telegram,cpp,base-java,1,,,,,,
2023-06-10,23,telegram,cpp,base-python,1,,,,,,
2023-06-10,23,telegram,cpp,dod-frontend,1,,,,,,
2023-06-10,23,telegram,cpp,intensive-python,1,,,,,,
2023-06-10,23,telegram,cpp,prof-python,1,,,,,,
2023-06-10,23,telegram,social,glavnye-instrumenty--servisy-i-podhody,1,,,,,,
2023-06-10,23,telegram,social,hexlet-blog,1,,,,,,
2023-06-10,23,telegram,social,typescript,1,,,,,,
2023-06-10,23,timepad,cpp,base-frontend,6,,,,,,
2023-06-10,23,twitter,social,promo,1,,,,,,
2023-06-10,23,vk,cpc,base-python,119,,,,,,
2023-06-10,23,vk,cpc,freemium,1,,,,,,
2023-06-10,23,vk,cpc,freemium-frontend,154,2536,,,,,
2023-06-10,23,vk,cpc,freemium-java,107,2537,,,,,
2023-06-10,23,vk,cpc,freemium-python,143,2536,,,,,
2023-06-10,23,vk,cpc,frontend,1,,,,,,
2023-06-10,23,vk,cpc,prof-data-analytics,130,4220,,,,,
2023-06-10,23,vk,cpc,prof-frontend,96,5458,,,,,
2023-06-10,23,vk,cpc,prof-java,150,3743,,,,,
2023-06-10,23,vk,cpc,prof-python,163,5458,,,,,
2023-06-10,23,vk,cpc,yaintern,1,,,,,,
2023-06-10,23,vk,cpm,base,2,,,,,,
2023-06-10,23,vk,cpm,prof-data-analytics,12,,,,,,
2023-06-10,23,vk,cpm,prof-frontend,5,,,,,,
2023-06-10,23,vk,cpp,base-frontend,1,,,,,,
2023-06-10,23,vk,social,all-courses,1,,,,,,
2023-06-10,23,vk,social,hexlet-blog,1,,,,,,
2023-06-10,23,vk-senler,cpc,freemium,13,,,,,,
2023-06-10,23,yandex.com,organic,,1,,,,,,
2023-06-10,23,zen,social,hexlet,1,,,,,,
2023-06-11,23,admitad,cpa,admitad,40,,,,,,
2023-06-11,23,baidu.com,organic,,5,,,,,,
2023-06-11,23,bing.com,organic,,22,,,,,,
2023-06-11,23,go.mail.ru,organic,,1,,,,,,
2023-06-11,23,google,cpc,freemium,1,,,,,,
2023-06-11,23,google,cpc,frontend,1,,,,,,
2023-06-11,23,google,organic,,2661,,3,,,,
2023-06-11,23,organic,organic,,943,,,,,,
2023-06-11,23,telegram,cpm,base_python,1,,,,,,
2023-06-11,23,telegram,cpp,base-frontend,6,,,,,,
2023-06-11,23,telegram,cpp,prof-frontend,1,,,,,,
2023-06-11,23,timepad,cpp,base-frontend,1,,,,,,
2023-06-11,23,vk,cpc,base-python,115,,,,,,
2023-06-11,23,vk,cpc,freemium-frontend,211,2533,,,,,
2023-06-11,23,vk,cpc,freemium-java,126,2916,,,,,
2023-06-11,23,vk,cpc,freemium-python,112,2536,,,,,
2023-06-11,23,vk,cpc,java,1,,,,,,
2023-06-11,23,vk,cpc,prof-data-analytics,141,4569,,,,,
2023-06-11,23,vk,cpc,prof-frontend,123,5458,,,,,
2023-06-11,23,vk,cpc,prof-java,147,3781,,,,,
2023-06-11,23,vk,cpc,prof-python,186,5076,,,,,
2023-06-11,23,vk,cpm,prof-data-analytics,14,,,,,,
2023-06-11,23,vk,cpm,prof-frontend,4,,,,,,
2023-06-11,23,vk,cpp,base-frontend,1,,,,,,
2023-06-11,23,vk,cpp,dod-frontend,6,,,,,,
2023-06-11,23,vk,social,all-courses,2,,,,,,
2023-06-11,23,vk,social,base-python,2,,,,,,
2023-06-11,23,vk,social,general,2,,,,,,
2023-06-11,23,vk,social,hexlet-blog,1,,,,,,
2023-06-11,23,vk-senler,cpc,freemium,9,,,,,,
2023-06-11,23,yandex.com,organic,,1,,,,,,
2023-06-12,24,Yandex,cpm,"25530592",1,,,,,,
2023-06-12,24,admitad,cpa,admitad,30,,,,,,
2023-06-12,24,baidu.com,organic,,1,,,,,,
2023-06-12,24,bing.com,organic,,37,,,,,,
2023-06-12,24,facebook,social,how-to-sleep,1,,,,,,
2023-06-12,24,facebook.com,social,mozhno-li-ustroitsya-na-rabotu-posle-heks,1,,,,,,
2023-06-12,24,google,cpc,freemium,1,,,,,,
2023-06-12,24,google,organic,,3490,,1,,,,
2023-06-12,24,instagram,social,base-java,1,,,,,,
2023-06-12,24,organic,organic,,1191,,2,,,,
2023-06-12,24,telegram,cpp,base-frontend,17,,,,,,
2023-06-12,24,telegram,cpp,base-java,2,,,,,,
2023-06-12,24,telegram,cpp,base-python,3,,,,,,
2023-06-12,24,telegram,cpp,dod-frontend,3,,,,,,
2023-06-12,24,telegram,social,promo,1,,,,,,
2023-06-12,24,tg,social,codecamp,1,,,,,,
2023-06-12,24,timepad,cpp,base-frontend,4,,,,,,
2023-06-12,24,twitter,social,devushki_v_it,1,,,,,,
2023-06-12,24,vk,cpc,base-python,123,,,,,,
2023-06-12,24,vk,cpc,freemium-frontend,184,3170,,,,,
2023-06-12,24,vk,cpc,freemium-java,132,4822,,,,,
2023-06-12,24,vk,cpc,freemium-python,121,2536,,,,,
2023-06-12,24,vk,cpc,prof-data-analytics,161,4187,,,,,
2023-06-12,24,vk,cpc,prof-frontend,113,5078,,,,,
2023-06-12,24,vk,cpc,prof-java,170,4105,,,,,
2023-06-12,24,vk,cpc,prof-python,196,5202,,,,,
2023-06-12,24,vk,cpm,base_python,1,,,,,,
2023-06-12,24,vk,cpm,prof-data-analytics,14,,,,,,
2023-06-12,24,vk,cpm,prof-frontend,6,,,,,,
2023-06-12,24,vk,cpp,base-frontend,3,,,,,,
2023-06-12,24,vk,cpp,dod-frontend,2,,,,,,
2023-06-12,24,vk,cpp,intensive-python,1,,,,,,
2023-06-12,24,vk,social,base-java,1,,,,,,
2023-06-12,24,vk,social,base-python,1,,,,,,
2023-06-12,24,vk,social,general,1,,,,,,
2023-06-12,24,vk,social,hexlet-blog,1,,,,,,
2023-06-12,24,vk,social,prof-python,1,,,,,,
2023-06-12,24,vk,social,prof-rails,3,,,,,,
2023-06-12,24,vk,social,promo,1,,,,,,
2023-06-12,24,vk-senler,cpc,freemium,24,,,,,,
2023-06-12,24,yandex-direct,cpc,"96566756",1,,,,,,
2023-06-12,24,yandex.com,organic,,2,,,,,,
2023-06-13,24,Yandex,cpc,"80100720",1,,,,,,
2023-06-13,24,admitad,cpa,admitad,37,,,,,,
2023-06-13,24,baidu.com,organic,,4,,,,,,
2023-06-13,24,bing.com,organic,,36,,,,,,
2023-06-13,24,facebook,cpc,python,1,,,,,,
2023-06-13,24,facebook,social,my-sozdali-kurs-osnovy-redis-pro-rabot,1,,,,,,
2023-06-13,24,go.mail.ru,organic,,1,,,,,,
2023-06-13,24,google,organic,,774,,1,,,,
2023-06-13,24,organic,organic,,753,,3,,,,
2023-06-13,24,telegram,cpm,base_java,1,,,,,,
2023-06-13,24,telegram,cpp,base-frontend,21,,,,,,
2023-06-13,24,telegram,cpp,base-java,1,,,,,,
2023-06-13,24,telegram,cpp,base-python,1,,,,,,
2023-06-13,24,telegram,cpp,dod-php,1,,,,,,
2023-06-13,24,telegram,cpp,prof-frontend,3,,,,,,
2023-06-13,24,telegram,cpp,prof-java,8,,,,,,
2023-06-13,24,telegram,cpp,prof-python,13,,,,,,
2023-06-13,24,timepad,cpp,base-frontend,3,,,,,,
2023-06-13,24,vc,cpp,dod-frontend,1,,,,,,
2023-06-13,24,vc,cpp,dod-professions,1,,,,,,
2023-06-13,24,vk,cpc,base,1,,,,,,
2023-06-13,24,vk,cpc,base-python,41,,,,,,
2023-06-13,24,vk,cpc,dod-professions,1,,,,,,
2023-06-13,24,vk,cpc,freemium-frontend,62,2746,1,,,0.02,
2023-06-13,24,vk,cpc,freemium-java,56,2377,,,,,
2023-06-13,24,vk,cpc,freemium-python,52,2538,,,,,
2023-06-13,24,vk,cpc,prof-data-analytics,49,4188,,,,,
2023-06-13,24,vk,cpc,prof-frontend,37,5459,,,,,
2023-06-13,24,vk,cpc,prof-java,47,4350,1,,,0.02,
2023-06-13,24,vk,cpc,prof-python,66,5202,,,,,
2023-06-13,24,vk,cpm,prof-data-analytics,4,,,,,,
2023-06-13,24,vk,cpm,prof-frontend,1,,,,,,
2023-06-13,24,vk,cpp,base-frontend,1,,,,,,
2023-06-13,24,vk,cpp,dod-frontend,2,,,,,,
2023-06-13,24,vk,cpp,dod-php,1,,,,,,
2023-06-13,24,vk,cpp,intensive-python,1,,,,,,
2023-06-13,24,vk,social,all-courses,1,,,,,,
2023-06-13,24,vk,social,base-frontend,2,,,,,,
2023-06-13,24,vk,social,base-python,2,,,,,,
2023-06-13,24,vk,social,english-soft,1,,,,,,
2023-06-13,24,vk,social,general,1,,,,,,
2023-06-13,24,vk,social,hexlet-blog,2,,,,,,
2023-06-13,24,vk,social,hexlet.io/my,1,,,,,,
2023-06-13,24,vk,social,prof-rails,1,,,,,,
2023-06-13,24,vk-senler,cpc,freemium,11,,,,,,
2023-06-13,24,yandex,cpc,base-frontend,29,10232,,,,,
2023-06-13,24,yandex,cpc,base-java,41,,,,,,
2023-06-13,24,yandex,cpc,base-professions-retarget,5,808,,,,,
2023-06-13,24,yandex,cpc,base-python,35,,,,,,
2023-06-13,24,yandex,cpc,dod-frontend,10,4123,,,,,
2023-06-13,24,yandex,cpc,dod-java,4,,,,,,
2023-06-13,24,yandex,cpc,dod-php,3,,,,,,
2023-06-13,24,yandex,cpc,dod-professions,12,3905,,,,,
2023-06-13,24,yandex,cpc,dod-python-java,9,,,,,,
2023-06-13,24,yandex,cpc,dod-qa,2,,,,,,
2023-06-13,24,yandex,cpc,freemium,138,18523,,,,,
2023-06-13,24,yandex,cpc,prof-data-analytics,17,6033,,,,,
2023-06-13,24,yandex,cpc,prof-frontend,105,62685,,,,,
2023-06-13,24,yandex,cpc,prof-java,83,36520,,,,,
2023-06-13,24,yandex,cpc,prof-professions-brand,33,3574,,,,,
2023-06-13,24,yandex,cpc,prof-professions-retarget,18,604,,,,,
2023-06-13,24,yandex,cpc,prof-python,104,43241,,,,,
2023-06-13,24,yandex.com,organic,,2,,,,,,
2023-06-13,24,zen,social,all-courses,1,,,,,,
2023-06-14,24,admitad,cpa,admitad,41,,,,,,
2023-06-14,24,baidu.com,organic,,5,,,,,,
2023-06-14,24,bing.com,organic,,39,,,,,,
2023-06-14,24,facebook,cpc,freemium.ua-by,1,,,,,,
2023-06-14,24,google,organic,,4767,,4,1,18144,,0.25
2023-06-14,24,mytarget,cpc,freemium,1,,,,,,
2023-06-14,24,organic,organic,,1310,,3,1,24666,,0.33
2023-06-14,24,telegram,cpp,base-frontend,11,,,,,,
2023-06-14,24,telegram,cpp,base-python,3,,,,,,
2023-06-14,24,telegram,cpp,dod-frontend,1,,,,,,
2023-06-14,24,telegram,cpp,dod-php,1,,,,,,
2023-06-14,24,telegram,cpp,prof-frontend,1,,,,,,
2023-06-14,24,telegram,cpp,prof-java,3,,,,,,
2023-06-14,24,telegram,cpp,prof-python,12,,,,,,
2023-06-14,24,telegram,social,dod-professions,19,,1,,,0.05,
2023-06-14,24,telegram,social,hexlet-blog,1,,,,,,
2023-06-14,24,telegram,social,mdtruehaskell--funktsionalnyy-yazyk,1,,,,,,
2023-06-14,24,telegram,social,promo,1,,,,,,
2023-06-14,24,timepad,cpp,base-frontend,43,,,,,,
2023-06-14,24,twitter,social,"51-letniy-student-heksleta-dmitriy-rassk",1,,,,,,
2023-06-14,24,vc,cpp,dod-frontend,2,,1,,,0.50,
2023-06-14,24,vk,cpc,freemium-frontend,8,2479,,,,,
2023-06-14,24,vk,cpc,freemium-python,7,2895,,,,,
2023-06-14,24,vk,cpc,prof-data-analytics,10,4189,,,,,
2023-06-14,24,vk,cpc,prof-frontend,5,5077,,,,,
2023-06-14,24,vk,cpc,prof-java,5,4112,,,,,
2023-06-14,24,vk,cpc,prof-python,5,5074,,,,,
2023-06-14,24,vk,cpp,dod-frontend,7,,,,,,
2023-06-14,24,vk,social,all-courses,1,,,,,,
2023-06-14,24,vk,social,base-python,3,,,,,,
2023-06-14,24,vk,social,dod-frontend,1,,,,,,
2023-06-14,24,vk,social,dod-professions,4,,,,,,
2023-06-14,24,vk,social,general,1,,,,,,
2023-06-14,24,vk,social,hexlet-blog,2,,,,,,
2023-06-14,24,vk,social,prof-python,2,,,,,,
2023-06-14,24,vk-senler,cpc,dod-frontend,2,,,,,,
2023-06-14,24,vk-senler,cpc,dod-professions,1,,,,,,
2023-06-14,24,vk-senler,cpc,freemium,15,,,,,,
2023-06-14,24,yandex,cpc,base-frontend,42,,,,,,
2023-06-14,24,yandex,cpc,base-java,57,,,,,,
2023-06-14,24,yandex,cpc,base-professions-retarget,8,722,,,,,
2023-06-14,24,yandex,cpc,base-python,53,,,,,,
2023-06-14,24,yandex,cpc,dod-frontend,15,984,,,,,
2023-06-14,24,yandex,cpc,dod-java,12,,,,,,
2023-06-14,24,yandex,cpc,dod-php,8,,,,,,
2023-06-14,24,yandex,cpc,dod-professions,12,1471,,,,,
2023-06-14,24,yandex,cpc,dod-python-java,7,909,,,,,
2023-06-14,24,yandex,cpc,dod-qa,7,,,,,,
2023-06-14,24,yandex,cpc,freemium,215,18752,,,,,
2023-06-14,24,yandex,cpc,prof-data-analytics,32,8854,,,,,
2023-06-14,24,yandex,cpc,prof-frontend,165,70624,,,,,
2023-06-14,24,yandex,cpc,prof-java,163,37151,,,,,
2023-06-14,24,yandex,cpc,prof-professions-brand,49,3580,,,,,
2023-06-14,24,yandex,cpc,prof-professions-retarget,27,694,,,,,
2023-06-14,24,yandex,cpc,prof-python,170,41766,,,,,
2023-06-14,24,yandex-direct,cpc,"19183657",1,,,,,,
2023-06-14,24,yandex.com,organic,,4,,,,,,
2023-06-14,24,zen,social,prof-frontend,1,,,,,,
2023-06-15,24,admitad,cpa,admitad,46,,,,,,
2023-06-15,24,baidu.com,organic,,4,,,,,,
2023-06-15,24,bing.com,organic,,36,,,,,,
2023-06-15,24,dzen,social,dzen-post,1,,,,,,
2023-06-15,24,dzen,social,dzen_post,2,,1,,,0.50,
2023-06-15,24,facebook,cpc,python,1,,,,,,
2023-06-15,24,google,organic,,4726,,6,,,,
2023-06-15,24,instagram,social,all-courses,1,,,,,,
2023-06-15,24,organic,organic,,799,,2,,,,
2023-06-15,24,podcast,social,all-courses,1,,,,,,
2023-06-15,24,slack,social,hexlet,1,,,,,,
2023-06-15,24,telegram,cpm,java,1,,,,,,
2023-06-15,24,telegram,cpp,base-frontend,12,,,,,,
2023-06-15,24,telegram,cpp,base-java,2,,,,,,
2023-06-15,24,telegram,cpp,dod-frontend,1,,,,,,
2023-06-15,24,telegram,cpp,prof-frontend,1,,,,,,
2023-06-15,24,telegram,cpp,prof-java,5,,,,,,
2023-06-15,24,telegram,cpp,prof-python,6,,,,,,
2023-06-15,24,telegram,social,course_completed,1,,,,,,
2023-06-15,24,telegram,social,dod-professions,2,,,,,,
2023-06-15,24,telegram,social,prof-qa,1,,,,,,
2023-06-15,24,telegram,social,webinars,1,,,,,,
2023-06-15,24,timepad,cpp,base-frontend,1,,,,,,
2023-06-15,24,twitter,social,grokaem_algoritmy,1,,,,,,
2023-06-15,24,twitter,social,oop-i-arhitektura-koda-kirill-mokevni,1,,,,,,
2023-06-15,24,twitter,social,podrobno-rasskazyvaem--pochemu-pleysholde,1,,,,,,
2023-06-15,24,twitter.com,social,istorii-uspeha-nashih-uchenikov-i-vypuskni,1,,,,,,
2023-06-15,24,vc,cpp,dod-professions,1,,,,,,
2023-06-15,24,vk,cpc,freemium-frontend,7,2534,,,,,
2023-06-15,24,vk,cpc,freemium-java,6,2538,,,,,
2023-06-15,24,vk,cpc,freemium-python,9,2536,,,,,
2023-06-15,24,vk,cpc,prof-data-analytics,9,4564,,,,,
2023-06-15,24,vk,cpc,prof-frontend,5,4688,1,,,0.20,
2023-06-15,24,vk,cpc,prof-java,6,4264,,,,,
2023-06-15,24,vk,cpc,prof-python,3,5837,,,,,
2023-06-15,24,vk,cpc,yaintern,1,,,,,,
2023-06-15,24,vk,cpp,base-frontend,2,,,,,,
2023-06-15,24,vk,cpp,dod-frontend,3,,,,,,
2023-06-15,24,vk,social,all-courses,3,,,,,,
2023-06-15,24,vk,social,base-python,1,,,,,,
2023-06-15,24,vk,social,dod-professions,1,,,,,,
2023-06-15,24,vk,social,hexlet-blog,3,,,,,,
2023-06-15,24,vk-senler,cpc,dod-frontend,2,,,,,,
2023-06-15,24,vk-senler,cpc,freemium,14,,,,,,
2023-06-15,24,vkontakte,social,button-vk,1,,,,,,
2023-06-15,24,yandex,cpc,base-frontend,38,,,,,,
2023-06-15,24,yandex,cpc,base-java,61,,,,,,
2023-06-15,24,yandex,cpc,base-professions-retarget,8,,,,,,
2023-06-15,24,yandex,cpc,base-python,49,,,,,,
2023-06-15,24,yandex,cpc,dod-frontend,20,908,,,,,
2023-06-15,24,yandex,cpc,dod-java,8,,,,,,
2023-06-15,24,yandex,cpc,dod-php,6,,,,,,
2023-06-15,24,yandex,cpc,dod-professions,17,3925,,,,,
2023-06-15,24,yandex,cpc,dod-python-java,10,4554,,,,,
2023-06-15,24,yandex,cpc,dod-qa,7,,,,,,
2023-06-15,24,yandex,cpc,freemium,238,15317,,,,,
2023-06-15,24,yandex,cpc,prof-data-analytics,28,6556,,,,,
2023-06-15,24,yandex,cpc,prof-frontend,164,69171,,,,,
2023-06-15,24,yandex,cpc,prof-java,130,34902,,,,,
2023-06-15,24,yandex,cpc,prof-professions-brand,49,5511,,,,,
2023-06-15,24,yandex,cpc,prof-professions-retarget,27,1290,,,,,
2023-06-15,24,yandex,cpc,prof-python,156,41982,,,,,
2023-06-15,24,yandex.com,organic,,1,,,,,,
2023-06-15,24,zen,social,all-courses,1,,,,,,
2023-06-16,24,admitad,cpa,"442763",1,,,,,,
2023-06-16,24,admitad,cpa,admitad,30,,,,,,
2023-06-16,24,admitad,cpc,"183258",1,,,,,,
2023-06-16,24,baidu.com,organic,,1,,,,,,
2023-06-16,24,bing.com,organic,,33,,,,,,
2023-06-16,24,google,organic,,4162,,5,2,79584,,0.40
2023-06-16,24,instagram,social,base-python,1,,,,,,
2023-06-16,24,instagram,social,promo,1,,,,,,
2023-06-16,24,organic,organic,,1208,,1,,,,
2023-06-16,24,telegram,cpm,java,1,,,,,,
2023-06-16,24,telegram,cpp,base-frontend,8,,,,,,
2023-06-16,24,telegram,cpp,base-java,1,,,,,,
2023-06-16,24,telegram,cpp,dod-java,2,,,,,,
2023-06-16,24,telegram,cpp,prof-frontend,1,,,,,,
2023-06-16,24,telegram,cpp,prof-java,3,,,,,,
2023-06-16,24,telegram,cpp,prof-python,5,,,,,,
2023-06-16,24,telegram,social,course_completed,1,,,,,,
2023-06-16,24,telegram,social,dod-professions,3,,1,,,0.33,
2023-06-16,24,timepad,cpp,base-frontend,1,,,,,,
2023-06-16,24,twitter,social,all-courses,1,,,,,,
2023-06-16,24,twitter,social,v-etoy-statie-my-dadim-neskolko-sovetov,1,,,,,,
2023-06-16,24,twitter,social,v-kontse-yanvarya-praktika-heksleta-ne-rabo,1,,,,,,
2023-06-16,24,vk,cpc,freemium-frontend,4,2535,,,,,
2023-06-16,24,vk,cpc,freemium-java,7,2398,,,,,
2023-06-16,24,vk,cpc,freemium-python,5,2537,,,,,
2023-06-16,24,vk,cpc,php,2,,,,,,
2023-06-16,24,vk,cpc,prof-data-analytics,13,4594,,,,,
2023-06-16,24,vk,cpc,prof-frontend,8,5458,1,,,0.13,
2023-06-16,24,vk,cpc,prof-java,9,4427,1,,,0.11,
2023-06-16,24,vk,cpc,prof-php,1,,,,,,
2023-06-16,24,vk,cpc,prof-python,13,5838,,,,,
2023-06-16,24,vk,cpc,yaintern,1,,,,,,
2023-06-16,24,vk,cpm,base,1,,,,,,
2023-06-16,24,vk,cpp,dod-frontend,1,,,,,,
2023-06-16,24,vk,social,all-courses,1,,,,,,
2023-06-16,24,vk,social,base-frontend,1,,,,,,
2023-06-16,24,vk,social,base-python,3,,,,,,
2023-06-16,24,vk,social,dod-frontend,1,,,,,,
2023-06-16,24,vk,social,dod-professions,2,,,,,,
2023-06-16,24,vk,social,general,1,,,,,,
2023-06-16,24,vk,social,prof-python,2,,,,,,
2023-06-16,24,vk-senler,cpc,freemium,10,,,,,,
2023-06-16,24,yandex,cpc,base-frontend,44,,,,,,
2023-06-16,24,yandex,cpc,base-java,59,,,,,,
2023-06-16,24,yandex,cpc,base-professions-retarget,10,,,,,,
2023-06-16,24,yandex,cpc,base-python,51,,,,,,
2023-06-16,24,yandex,cpc,dod-frontend,22,,,,,,
2023-06-16,24,yandex,cpc,dod-java,12,,,,,,
2023-06-16,24,yandex,cpc,dod-php,6,,,,,,
2023-06-16,24,yandex,cpc,dod-professions,15,3077,,,,,
2023-06-16,24,yandex,cpc,dod-python-java,5,3259,,,,,
2023-06-16,24,yandex,cpc,dod-qa,5,,,,,,
2023-06-16,24,yandex,cpc,freemium,233,17913,,,,,
2023-06-16,24,yandex,cpc,prof-data-analytics,39,5576,,,,,
2023-06-16,24,yandex,cpc,prof-frontend,137,58935,,,,,
2023-06-16,24,yandex,cpc,prof-java,112,36459,,,,,
2023-06-16,24,yandex,cpc,prof-professions-brand,48,5794,,,,,
2023-06-16,24,yandex,cpc,prof-professions-retarget,35,1085,,,,,
2023-06-16,24,yandex,cpc,prof-python,168,39215,,,,,
2023-06-17,24,Yandex,cpc,"06892634",1,,,,,,
2023-06-17,24,Yandex,cpc,"93234055",1,,,,,,
2023-06-17,24,admitad,cpa,admitad,34,,,,,,
2023-06-17,24,baidu.com,organic,,2,,,,,,
2023-06-17,24,bing.com,organic,,22,,,,,,
2023-06-17,24,facebook,social,hexlet-blog,1,,,,,,
2023-06-17,24,google,organic,,2598,,4,,,,
2023-06-17,24,instagram,social,prof-data-analyst,1,,,,,,
2023-06-17,24,organic,organic,,1028,,3,1,37500,,0.33
2023-06-17,24,telegram,cpm,base_python,1,,,,,,
2023-06-17,24,telegram,cpm,java,1,,,,,,
2023-06-17,24,telegram,cpp,base-frontend,8,,,,,,
2023-06-17,24,telegram,cpp,base-java,2,,,,,,
2023-06-17,24,telegram,cpp,base-python,1,,,,,,
2023-06-17,24,telegram,cpp,prof-frontend,3,,,,,,
2023-06-17,24,telegram,cpp,prof-java,1,,,,,,
2023-06-17,24,telegram,cpp,prof-python,1,,,,,,
2023-06-17,24,timepad,cpp,base-frontend,1,,,,,,
2023-06-17,24,vk,cpc,freemium-frontend,4,2536,,,,,
2023-06-17,24,vk,cpc,freemium-java,5,1522,,,,,
2023-06-17,24,vk,cpc,freemium-python,4,2537,,,,,
2023-06-17,24,vk,cpc,frontend,2,,,,,,
2023-06-17,24,vk,cpc,prof-data-analytics,5,5327,,,,,
2023-06-17,24,vk,cpc,prof-frontend,7,4974,,,,,
2023-06-17,24,vk,cpc,prof-java,6,4124,,,,,
2023-06-17,24,vk,cpc,prof-python,8,7362,,,,,
2023-06-17,24,vk,cpc,prof-qa,1,,,,,,
2023-06-17,24,vk,cpm,base,1,,,,,,
2023-06-17,24,vk,cpp,base-frontend,1,,,,,,
2023-06-17,24,vk,social,dod-professions,5,,,,,,
2023-06-17,24,vk,social,general,2,,,,,,
2023-06-17,24,vk,social,prof-data-analytics,1,,,,,,
2023-06-17,24,vk,social,promo,1,,,,,,
2023-06-17,24,vk-senler,cpc,freemium,15,,,,,,
2023-06-17,24,yandex,cpc,base-frontend,39,,,,,,
2023-06-17,24,yandex,cpc,base-java,43,,,,,,
2023-06-17,24,yandex,cpc,base-professions-retarget,8,,,,,,
2023-06-17,24,yandex,cpc,base-python,63,,,,,,
2023-06-17,24,yandex,cpc,dod-frontend,13,,,,,,
2023-06-17,24,yandex,cpc,dod-java,6,,,,,,
2023-06-17,24,yandex,cpc,dod-php,11,,,,,,
2023-06-17,24,yandex,cpc,dod-professions,25,4770,,,,,
2023-06-17,24,yandex,cpc,dod-python-java,9,2138,,,,,
2023-06-17,24,yandex,cpc,dod-qa,11,,,,,,
2023-06-17,24,yandex,cpc,freemium,200,14413,,,,,
2023-06-17,24,yandex,cpc,prof-data-analytics,34,7663,,,,,
2023-06-17,24,yandex,cpc,prof-frontend,132,59871,,,,,
2023-06-17,24,yandex,cpc,prof-java,131,27510,,,,,
2023-06-17,24,yandex,cpc,prof-professions-brand,58,3878,,,,,
2023-06-17,24,yandex,cpc,prof-professions-retarget,22,1103,,,,,
2023-06-17,24,yandex,cpc,prof-python,174,45139,,,,,
2023-06-17,24,yandex-direct,cpc,"50088205",1,,,,,,
2023-06-17,24,yandex.com,organic,,2,,,,,,
2023-06-17,24,zen,social,zen_post,1,,,,,,
2023-06-18,24,Yandex,cpc,"39770358",1,,,,,,
2023-06-18,24,Yandex,cpc,"77386453",1,,,,,,
2023-06-18,24,Yandex,cpc,"81276251",1,,,,,,
2023-06-18,24,admitad,cpa,admitad,45,,,,,,
2023-06-18,24,baidu.com,organic,,1,,,,,,
2023-06-18,24,bing.com,organic,,19,,,,,,
2023-06-18,24,facebook,cpc,freemium,1,,,,,,
2023-06-18,24,google,organic,,3046,,3,,,,
2023-06-18,24,organic,organic,,558,,1,,,,
2023-06-18,24,partners,cpm,all,1,,,,,,
2023-06-18,24,telegram,cpp,base-frontend,9,,,,,,
2023-06-18,24,telegram,cpp,base-java,1,,,,,,
2023-06-18,24,telegram,cpp,base-python,2,,,,,,
2023-06-18,24,telegram,cpp,dod-frontend,1,,,,,,
2023-06-18,24,telegram,cpp,prof-java,1,,,,,,
2023-06-18,24,telegram,cpp,prof-python,2,,,,,,
2023-06-18,24,telegram,cpp,prof-qa,1,,,,,,
2023-06-18,24,telegram,social,base-frontend,1,,,,,,
2023-06-18,24,telegram,social,hexlet-blog,1,,,,,,
2023-06-18,24,telegram,social,mdtruehaskell--funktsionalnyy-yazyk,1,,,,,,
2023-06-18,24,twitter,social,all-courses,1,,,,,,
2023-06-18,24,twitter,social,course_completed,1,,,,,,
2023-06-18,24,vc,cpp,dod-professions,2,,,,,,
2023-06-18,24,vk,cpc,freemium-frontend,5,2535,,,,,
2023-06-18,24,vk,cpc,freemium-python,6,2536,,,,,
2023-06-18,24,vk,cpc,prof-data-analytics,9,3579,,,,,
2023-06-18,24,vk,cpc,prof-frontend,2,2912,,,,,
2023-06-18,24,vk,cpc,prof-java,6,4663,,,,,
2023-06-18,24,vk,cpc,prof-python,4,4591,,,,,
2023-06-18,24,vk,cpp,base-frontend,1,,,,,,
2023-06-18,24,vk,social,all-courses,1,,,,,,
2023-06-18,24,vk,social,dod-professions,4,,,,,,
2023-06-18,24,vk,social,prof-python,1,,,,,,
2023-06-18,24,vk-senler,cpc,dod-frontend,1,,,,,,
2023-06-18,24,vk-senler,cpc,dod-professions,8,,,,,,
2023-06-18,24,vk-senler,cpc,freemium,13,,,,,,
2023-06-18,24,vkontakte,social,button-vk,1,,,,,,
2023-06-18,24,yandex,cpc,base-frontend,27,,,,,,
2023-06-18,24,yandex,cpc,base-java,61,,,,,,
2023-06-18,24,yandex,cpc,base-professions-retarget,9,,,,,,
2023-06-18,24,yandex,cpc,base-python,43,,,,,,
2023-06-18,24,yandex,cpc,dod-frontend,21,,,,,,
2023-06-18,24,yandex,cpc,dod-java,8,,,,,,
2023-06-18,24,yandex,cpc,dod-php,11,,,,,,
2023-06-18,24,yandex,cpc,dod-professions,14,7438,,,,,
2023-06-18,24,yandex,cpc,dod-python-java,8,3374,,,,,
2023-06-18,24,yandex,cpc,dod-qa,4,,,,,,
2023-06-18,24,yandex,cpc,freemium,219,16798,,,,,
2023-06-18,24,yandex,cpc,prof-data-analytics,27,6446,,,,,
2023-06-18,24,yandex,cpc,prof-frontend,149,50806,,,,,
2023-06-18,24,yandex,cpc,prof-java,111,28605,,,,,
2023-06-18,24,yandex,cpc,prof-professions-brand,51,3300,,,,,
2023-06-18,24,yandex,cpc,prof-professions-retarget,25,1491,,,,,
2023-06-18,24,yandex,cpc,prof-python,163,39233,,,,,
2023-06-18,24,yandex-direct,cpc,"97574364",1,,,,,,
2023-06-18,24,zen,social,hexlet-blog,1,,,,,,
2023-06-18,24,zen,social,prof-data-analyst,1,,,,,,
2023-06-19,25,Yandex,cpc,"52168119",1,,,,,,
2023-06-19,25,Yandex,cpm,"84109871",1,,,,,,
2023-06-19,25,admitad,cpa,admitad,33,,,,,,
2023-06-19,25,bing.com,organic,,31,,,,,,
2023-06-19,25,dzen,social,dzen-post,1,,,,,,
2023-06-19,25,go.mail.ru,organic,,2,,,,,,
2023-06-19,25,google,organic,,374,,2,1,9840,0.01,0.50
2023-06-19,25,instagram,social,all-courses,1,,,,,,
2023-06-19,25,instagram,social,hexlet-blog,1,,,,,,
2023-06-19,25,organic,organic,,750,,2,,,,
2023-06-19,25,search.ukr.net,organic,,1,,,,,,
2023-06-19,25,telegram,cpm,java,1,,,,,,
2023-06-19,25,telegram,cpp,base-frontend,8,,,,,,
2023-06-19,25,telegram,cpp,base-python,1,,,,,,
2023-06-19,25,telegram,cpp,dod-java,1,,,,,,
2023-06-19,25,telegram,cpp,prof-python,2,,,,,,
2023-06-19,25,telegram,social,kak-blagodarya-heksletu-ya-ustroilsya-v-epa,1,,,,,,
2023-06-19,25,telegram,social,promo,1,,,,,,
2023-06-19,25,telegram,social,special-newyear23,1,,,,,,
2023-06-19,25,timepad,cpp,base-frontend,1,,,,,,
2023-06-19,25,twitter,social,devushki_v_it,1,,,,,,
2023-06-19,25,twitter,social,hexlet-blog,1,,,,,,
2023-06-19,25,twitter,social,obuchenie-programmirovaniyu-v-30 -let-pod,1,,,,,,
2023-06-19,25,twitter.com,social,istorii-uspeha-nashih-uchenikov-i-vypuskni,3,,,,,,
2023-06-19,25,vc,cpp,dod-professions,1,,,,,,
2023-06-19,25,vk,cpc,freemium-frontend,2,2536,,,,,
2023-06-19,25,vk,cpc,freemium-java,3,2423,,,,,
2023-06-19,25,vk,cpc,freemium-python,8,2479,,,,,
2023-06-19,25,vk,cpc,prof-data-analytics,8,5326,,,,,
2023-06-19,25,vk,cpc,prof-frontend,9,5078,,,,,
2023-06-19,25,vk,cpc,prof-java,10,5469,,,,,
2023-06-19,25,vk,cpc,prof-python,15,4934,,,,,
2023-06-19,25,vk,cpp,dod-frontend,1,,,,,,
2023-06-19,25,vk,cpp,dod-python-java,4,,,,,,
2023-06-19,25,vk,social,all-courses,1,,,,,,
2023-06-19,25,vk,social,base-java,2,,,,,,
2023-06-19,25,vk,social,base-php,1,,,,,,
2023-06-19,25,vk,social,base-python,3,,,,,,
2023-06-19,25,vk,social,dod-professions,1,,,,,,
2023-06-19,25,vk,social,general,2,,,,,,
2023-06-19,25,vk-senler,cpc,freemium,11,,,,,,
2023-06-19,25,yandex,cpc,base-frontend,43,,,,,,
2023-06-19,25,yandex,cpc,base-java,66,,,,,,
2023-06-19,25,yandex,cpc,base-professions-retarget,14,,,,,,
2023-06-19,25,yandex,cpc,base-python,60,,,,,,
2023-06-19,25,yandex,cpc,dod-frontend,18,,,,,,
2023-06-19,25,yandex,cpc,dod-java,6,,,,,,
2023-06-19,25,yandex,cpc,dod-php,6,,,,,,
2023-06-19,25,yandex,cpc,dod-professions,6,3683,,,,,
2023-06-19,25,yandex,cpc,dod-python-java,8,2012,,,,,
2023-06-19,25,yandex,cpc,dod-qa,8,,,,,,
2023-06-19,25,yandex,cpc,freemium,239,17212,,,,,
2023-06-19,25,yandex,cpc,prof-data-analytics,35,6048,,,,,
2023-06-19,25,yandex,cpc,prof-frontend,135,72966,,,,,
2023-06-19,25,yandex,cpc,prof-java,143,35136,,,,,
2023-06-19,25,yandex,cpc,prof-professions-brand,45,3111,,,,,
2023-06-19,25,yandex,cpc,prof-professions-retarget,18,1057,,,,,
2023-06-19,25,yandex,cpc,prof-python,185,45990,,,,,
2023-06-19,25,yandex.com,organic,,2,,,,,,
2023-06-19,25,zen,social,all-courses,1,,,,,,
2023-06-19,25,zen,social,hexlet,1,,,,,,
2023-06-20,25,Yandex,cpm,"14191988",1,,,,,,
2023-06-20,25,admitad,cpa,admitad,43,,1,,,0.02,
2023-06-20,25,baidu.com,organic,,1,,,,,,
2023-06-20,25,bing.com,organic,,28,,,,,,
2023-06-20,25,go.mail.ru,organic,,2,,,,,,
2023-06-20,25,google,organic,,5156,,7,3,213969,,0.43
2023-06-20,25,instagram,social,all-courses,1,,,,,,
2023-06-20,25,instagram,social,base-frontend,7,,,,,,
2023-06-20,25,instagram,social,prof-backend,2,,,,,,
2023-06-20,25,instagram,social,prof-frontend,4,,,,,,
2023-06-20,25,instagram,social,prof-java,1,,,,,,
2023-06-20,25,instagram,social,prof-python,1,,,,,,
2023-06-20,25,instagram,social,prof-qa,1,,,,,,
2023-06-20,25,instagram,social,prof-qa-auto,4,,1,,,0.25,
2023-06-20,25,instagram,social,prof-rails,1,,,,,,
2023-06-20,25,organic,organic,,1480,,8,3,159140,0.01,0.38
2023-06-20,25,telegram,cpm,frontend,1,,,,,,
2023-06-20,25,telegram,cpp,base-frontend,6,,,,,,
2023-06-20,25,telegram,cpp,base-java,2,,,,,,
2023-06-20,25,telegram,cpp,base-python,2,,,,,,
2023-06-20,25,telegram,cpp,prof-frontend,1,,,,,,
2023-06-20,25,telegram,cpp,prof-java,1,,,,,,
2023-06-20,25,telegram,social,dod-professions,3,,,,,,
2023-06-20,25,telegram,social,mdtruereshenie-zadach--horoshiy-sposob-z,1,,,,,,
2023-06-20,25,twitter,social,my-poprosili-nastavnikov-heksleta-rasska,1,,,,,,
2023-06-20,25,twitter.com,social,buffer,1,,,,,,
2023-06-20,25,vc,cpp,dod-professions,1,,1,,,1.00,
2023-06-20,25,vk,cpc,freemium-frontend,11,2851,,,,,
2023-06-20,25,vk,cpc,freemium-java,8,2538,,,,,
2023-06-20,25,vk,cpc,freemium-python,3,2127,,,,,
2023-06-20,25,vk,cpc,prof-data-analytics,4,4941,,,,,
2023-06-20,25,vk,cpc,prof-frontend,3,5078,,,,,
2023-06-20,25,vk,cpc,prof-java,8,5205,,,,,
2023-06-20,25,vk,cpc,prof-python,13,5839,,,,,
2023-06-20,25,vk,cpp,dod-python-java,5,,,,,,
2023-06-20,25,vk,social,base-frontend,1,,,,,,
2023-06-20,25,vk,social,base-java,1,,,,,,
2023-06-20,25,vk,social,base-python,1,,,,,,
2023-06-20,25,vk,social,dod-professions,3,,,,,,
2023-06-20,25,vk,social,dod-python-java,1,,,,,,
2023-06-20,25,vk,social,hexlet-blog,2,,,,,,
2023-06-20,25,vk-senler,cpc,dod-professions,1,,,,,,
2023-06-20,25,vk-senler,cpc,freemium,14,,,,,,
2023-06-20,25,yandex,cpc,base-frontend,33,,,,,,
2023-06-20,25,yandex,cpc,base-java,53,3805,,,,,
2023-06-20,25,yandex,cpc,base-professions-retarget,2,,,,,,
2023-06-20,25,yandex,cpc,base-python,58,,,,,,
2023-06-20,25,yandex,cpc,dod-frontend,17,,,,,,
2023-06-20,25,yandex,cpc,dod-java,6,,,,,,
2023-06-20,25,yandex,cpc,dod-php,7,,,,,,
2023-06-20,25,yandex,cpc,dod-professions,17,6422,,,,,
2023-06-20,25,yandex,cpc,dod-python-java,10,3269,,,,,
2023-06-20,25,yandex,cpc,dod-qa,5,,,,,,
2023-06-20,25,yandex,cpc,freemium,242,16145,,,,,
2023-06-20,25,yandex,cpc,prof-data-analytics,38,6795,,,,,
2023-06-20,25,yandex,cpc,prof-frontend,148,68549,,,,,
2023-06-20,25,yandex,cpc,prof-java,119,28063,,,,,
2023-06-20,25,yandex,cpc,prof-professions-brand,47,3263,,,,,
2023-06-20,25,yandex,cpc,prof-professions-retarget,27,784,,,,,
2023-06-20,25,yandex,cpc,prof-python,184,46055,,,,,
2023-06-20,25,yandex-direct,cpc,"26593528",1,,,,,,
2023-06-20,25,yandex-direct,cpc,"70989018",1,,,,,,
2023-06-20,25,yandex-direct,cpc,"85838400",1,,,,,,
2023-06-20,25,yandex.com,organic,,4,,,,,,
2023-06-20,25,zen,social,all-courses,1,,,,,,
2023-06-21,25,Yandex,cpc,"08409986",1,,,,,,
2023-06-21,25,Yandex,cpc,"74431025",1,,,,,,
2023-06-21,25,admitad,cpa,admitad,47,,,,,,
2023-06-21,25,admitad,cpc,"442763",1,,,,,,
2023-06-21,25,bing.com,organic,,32,,,,,,
2023-06-21,25,facebook,social,hexlet-blog,1,,,,,,
2023-06-21,25,google,organic,,780,,,,,,
2023-06-21,25,instagram,social,prof-backend,1,,,,,,
2023-06-21,25,instagram,social,prof-data-analytics,1,,,,,,
2023-06-21,25,instagram,social,prof-frontend,4,,,,,,
2023-06-21,25,instagram,social,prof-java,1,,,,,,
2023-06-21,25,instagram,social,prof-python,1,,,,,,
2023-06-21,25,instagram,social,prof-qa,2,,,,,,
2023-06-21,25,organic,organic,,889,,2,1,268200,,0.50
2023-06-21,25,telegram,cpm,python,1,,,,,,
2023-06-21,25,telegram,cpp,base-frontend,3,,,,,,
2023-06-21,25,telegram,cpp,base-java,5,,,,,,
2023-06-21,25,telegram,cpp,dod-java,1,,,,,,
2023-06-21,25,telegram,cpp,prof-data-analytics,1,,,,,,
2023-06-21,25,telegram,cpp,prof-java,11,,,,,,
2023-06-21,25,telegram,cpp,prof-python,9,,1,,,0.11,
2023-06-21,25,telegram,social,dod-professions,2,,,,,,
2023-06-21,25,telegram,social,kak-optimizirovat-tretiy-proekt-v-professii-python,1,,,,,,
2023-06-21,25,telegram,social,mdtruehaskell--funktsionalnyy-yazyk,1,,,,,,
2023-06-21,25,telegram,social,promo,1,,,,,,
2023-06-21,25,telegram,social,u-nas-chasto-sprashivayut--kakie-knigi-nuzhn,1,,,,,,
2023-06-21,25,tg,social,hostel,1,,,,,,
2023-06-21,25,twitter,social,hexlet-blog,1,,,,,,
2023-06-21,25,twitter,social,promo,1,,,,,,
2023-06-21,25,vk,cpc,freemium,1,,,,,,
2023-06-21,25,vk,cpc,freemium-frontend,7,2537,,,,,
2023-06-21,25,vk,cpc,freemium-java,6,2537,,,,,
2023-06-21,25,vk,cpc,freemium-python,5,2193,,,,,
2023-06-21,25,vk,cpc,prof-data-analytics,13,6090,,,,,
2023-06-21,25,vk,cpc,prof-frontend,9,5079,,,,,
2023-06-21,25,vk,cpc,prof-java,8,5257,,,,,
2023-06-21,25,vk,cpc,prof-php,1,,,,,,
2023-06-21,25,vk,cpc,prof-python,18,5890,,,,,
2023-06-21,25,vk,cpp,dod-python-java,7,,,,,,
2023-06-21,25,vk,social,base-java,1,,,,,,
2023-06-21,25,vk,social,course_completed,1,,,,,,
2023-06-21,25,vk,social,dod-professions,1,,,,,,
2023-06-21,25,vk,social,general,2,,,,,,
2023-06-21,25,vk,social,hexlet-blog,1,,,,,,
2023-06-21,25,vk,social,prof-python,1,,,,,,
2023-06-21,25,vk-senler,cpc,freemium,12,,,,,,
2023-06-21,25,vk.com,social,skolko-stoit-obuchenie-na-hekslete-dlya,1,,,,,,
2023-06-21,25,yandex,cpc,base-frontend,55,,,,,,
2023-06-21,25,yandex,cpc,base-java,59,5157,,,,,
2023-06-21,25,yandex,cpc,base-professions-retarget,6,,,,,,
2023-06-21,25,yandex,cpc,base-python,44,4741,,,,,
2023-06-21,25,yandex,cpc,dod-frontend,16,,,,,,
2023-06-21,25,yandex,cpc,dod-java,13,,,,,,
2023-06-21,25,yandex,cpc,dod-php,5,,,,,,
2023-06-21,25,yandex,cpc,dod-professions,11,,,,,,
2023-06-21,25,yandex,cpc,dod-python-java,12,2006,,,,,
2023-06-21,25,yandex,cpc,dod-qa,9,,,,,,
2023-06-21,25,yandex,cpc,freemium,225,18973,,,,,
2023-06-21,25,yandex,cpc,prof-data-analytics,32,3920,,,,,
2023-06-21,25,yandex,cpc,prof-frontend,140,64454,,,,,
2023-06-21,25,yandex,cpc,prof-java,126,29144,,,,,
2023-06-21,25,yandex,cpc,prof-professions-brand,42,4320,,,,,
2023-06-21,25,yandex,cpc,prof-professions-retarget,25,874,,,,,
2023-06-21,25,yandex,cpc,prof-python,155,46840,,,,,
2023-06-21,25,yandex-direct,cpc,"71522986",1,,,,,,
2023-06-21,25,yandex.com,organic,,7,,,,,,
2023-06-21,25,zen,social,hexlet,1,,,,,,
2023-06-21,25,zen,social,hexlet-blog,1,,,,,,
2023-06-22,25,admitad,cpa,admitad,67,,,,,,
2023-06-22,25,baidu.com,organic,,5,,,,,,
2023-06-22,25,bing.com,organic,,28,,,,,,
2023-06-22,25,dzen,social,dzen-post,3,,,,,,
2023-06-22,25,facebook,cpc,freemium,1,,,,,,
2023-06-22,25,google,organic,,2667,,2,,,,
2023-06-22,25,instagram,social,all-courses,1,,,,,,
2023-06-22,25,instagram,social,hexlet-blog,1,,,,,,
2023-06-22,25,organic,organic,,838,,2,,,,
2023-06-22,25,podcast,social,all-courses,1,,,,,,
2023-06-22,25,telegram,cpm,base_java,1,,,,,,
2023-06-22,25,telegram,cpp,base-frontend,1,,,,,,
2023-06-22,25,telegram,cpp,base-java,1,,,,,,
2023-06-22,25,telegram,cpp,prof-java,7,,,,,,
2023-06-22,25,telegram,cpp,prof-python,6,,,,,,
2023-06-22,25,telegram,social,dod-professions,2,,,,,,
2023-06-22,25,telegram,social,hexlet-blog,1,,,,,,
2023-06-22,25,tg,social,hostel,2,,,,,,
2023-06-22,25,timepad,cpp,base-frontend,1,,,,,,
2023-06-22,25,twitter,social,grokaem_algoritmy,1,,,,,,
2023-06-22,25,vk,cpc,freemium-frontend,9,2623,,,,,
2023-06-22,25,vk,cpc,freemium-java,4,2144,,,,,
2023-06-22,25,vk,cpc,freemium-python,3,1872,,,,,
2023-06-22,25,vk,cpc,prof-data-analytics,9,5964,,,,,
2023-06-22,25,vk,cpc,prof-frontend,7,3684,,,,,
2023-06-22,25,vk,cpc,prof-java,13,4223,,,,,
2023-06-22,25,vk,cpc,prof-python,17,5525,,,,,
2023-06-22,25,vk,cpc,python,1,,,,,,
2023-06-22,25,vk,cpp,dod-python-java,7,,,,,,
2023-06-22,25,vk,social,all-courses,1,,,,,,
2023-06-22,25,vk,social,base-html,1,,,,,,
2023-06-22,25,vk,social,base-python,1,,,,,,
2023-06-22,25,vk,social,course_completed,1,,,,,,
2023-06-22,25,vk,social,dod-python-java,1,,,,,,
2023-06-22,25,vk,social,planiruy-uchebu--fokusiruysya-na-protsesse,1,,,,,,
2023-06-22,25,vk,social,prof-python,1,,,,,,
2023-06-22,25,vk,social,promo,1,,,,,,
2023-06-22,25,vk-senler,cpc,freemium,18,,,,,,
2023-06-22,25,yandex,cpc,base-frontend,51,,,,,,
2023-06-22,25,yandex,cpc,base-java,66,8185,,,,,
2023-06-22,25,yandex,cpc,base-professions-retarget,7,,,,,,
2023-06-22,25,yandex,cpc,base-python,65,3986,,,,,
2023-06-22,25,yandex,cpc,dod-frontend,20,,,,,,
2023-06-22,25,yandex,cpc,dod-java,7,,,,,,
2023-06-22,25,yandex,cpc,dod-php,11,,,,,,
2023-06-22,25,yandex,cpc,dod-professions,12,,,,,,
2023-06-22,25,yandex,cpc,dod-python-java,10,4988,,,,,
2023-06-22,25,yandex,cpc,dod-qa,4,,,,,,
2023-06-22,25,yandex,cpc,freemium,251,14680,,,,,
2023-06-22,25,yandex,cpc,prof-data-analytics,29,1462,,,,,
2023-06-22,25,yandex,cpc,prof-frontend,175,69976,,,,,
2023-06-22,25,yandex,cpc,prof-java,129,35881,,,,,
2023-06-22,25,yandex,cpc,prof-professions-brand,41,4161,,,,,
2023-06-22,25,yandex,cpc,prof-professions-retarget,19,1073,,,,,
2023-06-22,25,yandex,cpc,prof-python,163,50579,,,,,
2023-06-22,25,yandex-direct,cpc,"18177858",1,,,,,,
2023-06-22,25,yandex.com,organic,,3,,,,,,
2023-06-22,25,zen,social,all-courses,2,,,,,,
2023-06-22,25,zen,social,hexlet,1,,,,,,
2023-06-22,25,zen_from_telegram,social,,1,,,,,,
2023-06-23,25,admitad,cpa,admitad,33,,1,,,0.03,
2023-06-23,25,bing.com,organic,,26,,,,,,
2023-06-23,25,facebook,cpc,freemium,1,,,,,,
2023-06-23,25,google,organic,,4097,,5,,,,
2023-06-23,25,instagram,social,prof-frontend,1,,,,,,
2023-06-23,25,instagram,social,prof-qa-auto,1,,,,,,
2023-06-23,25,organic,organic,,1200,,3,,,,
2023-06-23,25,search.ukr.net,organic,,1,,,,,,
2023-06-23,25,telegram,cpm,base_python,1,,,,,,
2023-06-23,25,telegram,cpm,java,1,,,,,,
2023-06-23,25,telegram,cpp,base-frontend,6,,,,,,
2023-06-23,25,telegram,cpp,dod-php,1,,,,,,
2023-06-23,25,telegram,cpp,prof-frontend,1,,,,,,
2023-06-23,25,telegram,cpp,prof-java,18,,1,,,0.06,
2023-06-23,25,telegram,cpp,prof-python,8,,,,,,
2023-06-23,25,telegram,social,base,1,,,,,,
2023-06-23,25,telegram,social,dod-professions,1,,,,,,
2023-06-23,25,telegram,social,hexlet-blog,35,,,,,,
2023-06-23,25,telegram,social,promo,1,,,,,,
2023-06-23,25,timepad,cpp,base-frontend,3,,,,,,
2023-06-23,25,twitter,social,how-to-sleep,1,,,,,,
2023-06-23,25,vk,cpc,base-python,5,2284,,,,,
2023-06-23,25,vk,cpc,freemium-frontend,9,2539,,,,,
2023-06-23,25,vk,cpc,freemium-java,6,2539,,,,,
2023-06-23,25,vk,cpc,freemium-python,1,2034,,,,,
2023-06-23,25,vk,cpc,prof-data-analytics,16,4952,,,,,
2023-06-23,25,vk,cpc,prof-frontend,11,3807,,,,,
2023-06-23,25,vk,cpc,prof-java,5,6346,,,,,
2023-06-23,25,vk,cpc,prof-python,16,4149,,,,,
2023-06-23,25,vk,cpp,dod-python-java,2,,,,,,
2023-06-23,25,vk,social,all-courses,2,,,,,,
2023-06-23,25,vk,social,base-python,1,,,,,,
2023-06-23,25,vk,social,course_completed,1,,,,,,
2023-06-23,25,vk,social,hexlet-blog,1,,,,,,
2023-06-23,25,vk,social,open_lectures23,1,,,,,,
2023-06-23,25,vk,social,prof-python,2,,,,,,
2023-06-23,25,vk-senler,cpc,freemium,14,,,,,,
2023-06-23,25,yandex,cpc,base-frontend,58,,,,,,
2023-06-23,25,yandex,cpc,base-java,71,10843,,,,,
2023-06-23,25,yandex,cpc,base-professions-retarget,8,,,,,,
2023-06-23,25,yandex,cpc,base-python,66,8276,,,,,
2023-06-23,25,yandex,cpc,dod-frontend,22,,,,,,
2023-06-23,25,yandex,cpc,dod-java,7,,,,,,
2023-06-23,25,yandex,cpc,dod-php,8,,,,,,
2023-06-23,25,yandex,cpc,dod-professions,18,,,,,,
2023-06-23,25,yandex,cpc,dod-python-java,9,676,,,,,
2023-06-23,25,yandex,cpc,dod-qa,5,,,,,,
2023-06-23,25,yandex,cpc,freemium,255,18235,,,,,
2023-06-23,25,yandex,cpc,prof-data-analytics,43,8165,,,,,
2023-06-23,25,yandex,cpc,prof-frontend,182,56368,,,,,
2023-06-23,25,yandex,cpc,prof-java,134,34444,,,,,
2023-06-23,25,yandex,cpc,prof-professions-brand,49,4029,,,,,
2023-06-23,25,yandex,cpc,prof-professions-retarget,34,1274,,,,,
2023-06-23,25,yandex,cpc,prof-python,207,41643,,,,,
2023-06-23,25,yandex.com,organic,,2,,,,,,
2023-06-23,25,zen,social,hexlet,2,,,,,,
2023-06-24,25,admitad,cpa,admitad,32,,2,,,0.06,
2023-06-24,25,baidu.com,organic,,4,,,,,,
2023-06-24,25,bing.com,organic,,21,,,,,,
2023-06-24,25,facebook,cpc,python,1,,,,,,
2023-06-24,25,go.mail.ru,organic,,1,,,,,,
2023-06-24,25,google,organic,,2065,,3,1,151192,,0.33
2023-06-24,25,organic,organic,,853,,1,,,,
2023-06-24,25,telegram,cpm,frontend,1,,,,,,
2023-06-24,25,telegram,cpp,base-frontend,11,,,,,,
2023-06-24,25,telegram,cpp,base-java,1,,,,,,
2023-06-24,25,telegram,cpp,prof-frontend,2,,,,,,
2023-06-24,25,telegram,cpp,prof-java,10,,,,,,
2023-06-24,25,telegram,cpp,prof-python,2,,,,,,
2023-06-24,25,telegram,social,hexlet-blog,26,,,,,,
2023-06-24,25,timepad,cpp,base-frontend,1,,,,,,
2023-06-24,25,vk,cpc,base-python,7,2284,,,,,
2023-06-24,25,vk,cpc,freemium-frontend,5,2539,,,,,
2023-06-24,25,vk,cpc,freemium-java,2,1723,,,,,
2023-06-24,25,vk,cpc,freemium-python,6,2273,,,,,
2023-06-24,25,vk,cpc,prof-data-analytics,14,4322,,,,,
2023-06-24,25,vk,cpc,prof-frontend,8,5076,,,,,
2023-06-24,25,vk,cpc,prof-java,9,6347,,,,,
2023-06-24,25,vk,cpc,prof-python,18,5738,,,,,
2023-06-24,25,vk,cpp,dod-python-java,2,,,,,,
2023-06-24,25,vk,social,all-courses,1,,,,,,
2023-06-24,25,vk,social,base-python,2,,,,,,
2023-06-24,25,vk,social,hexlet-blog,1,,1,,,1.00,
2023-06-24,25,vk,social,matematika-ilnar,1,,,,,,
2023-06-24,25,vk,social,prof-python,2,,,,,,
2023-06-24,25,vk,social,reshenie-zadach--horoshiy-sposob-zakrepit,1,,,,,,
2023-06-24,25,vk-senler,cpc,base-python,1,,,,,,
2023-06-24,25,vk-senler,cpc,dod-frontend,1,,,,,,
2023-06-24,25,vk-senler,cpc,dod-python-java,1,,,,,,
2023-06-24,25,vk-senler,cpc,freemium,5,,,,,,
2023-06-24,25,yandex,cpc,base-frontend,41,,,,,,
2023-06-24,25,yandex,cpc,base-java,58,8258,,,,,
2023-06-24,25,yandex,cpc,base-professions-retarget,6,,,,,,
2023-06-24,25,yandex,cpc,base-python,40,12132,,,,,
2023-06-24,25,yandex,cpc,dod-frontend,24,,,,,,
2023-06-24,25,yandex,cpc,dod-java,9,,,,,,
2023-06-24,25,yandex,cpc,dod-php,8,,,,,,
2023-06-24,25,yandex,cpc,dod-professions,23,,,,,,
2023-06-24,25,yandex,cpc,dod-python-java,10,,,,,,
2023-06-24,25,yandex,cpc,dod-qa,5,,,,,,
2023-06-24,25,yandex,cpc,freemium,263,14330,,,,,
2023-06-24,25,yandex,cpc,prof-data-analytics,29,5165,,,,,
2023-06-24,25,yandex,cpc,prof-frontend,172,52548,,,,,
2023-06-24,25,yandex,cpc,prof-java,129,29381,,,,,
2023-06-24,25,yandex,cpc,prof-professions-brand,35,3093,,,,,
2023-06-24,25,yandex,cpc,prof-professions-retarget,27,1017,,,,,
2023-06-24,25,yandex,cpc,prof-python,164,34954,,,,,
2023-06-24,25,yandex-direct,cpc,"57063851",1,,,,,,
2023-06-24,25,yandex.com,organic,,1,,,,,,
2023-06-25,25,admitad,cpa,admitad,47,,,,,,
2023-06-25,25,baidu.com,organic,,1,,,,,,
2023-06-25,25,bing.com,organic,,24,,,,,,
2023-06-25,25,go.mail.ru,organic,,2,,,,,,
2023-06-25,25,google,organic,,2806,,2,1,37800,,0.50
2023-06-25,25,instagram,social,base-pyton,1,,,,,,
2023-06-25,25,organic,organic,,1118,,1,,,,
2023-06-25,25,telegram,cpp,base-frontend,2,,,,,,
2023-06-25,25,telegram,cpp,base-java,1,,,,,,
2023-06-25,25,telegram,cpp,prof-java,16,,,,,,
2023-06-25,25,telegram,cpp,prof-python,2,,,,,,
2023-06-25,25,telegram,social,course_completed,1,,,,,,
2023-06-25,25,telegram,social,hexlet-blog,4,,,,,,
2023-06-25,25,telegram,social,studenty-heksleta-inogda-rasstraivayutsya,1,,,,,,
2023-06-25,25,timepad,cpp,base-frontend,2,,,,,,
2023-06-25,25,twitter,social,devushki_v_it,1,,,,,,
2023-06-25,25,vk,cpc,base-python,10,3522,,,,,
2023-06-25,25,vk,cpc,freemium-frontend,8,2538,,,,,
2023-06-25,25,vk,cpc,freemium-java,2,1523,,,,,
2023-06-25,25,vk,cpc,freemium-python,7,2085,,,,,
2023-06-25,25,vk,cpc,prof-data-analytics,14,3807,,,,,
2023-06-25,25,vk,cpc,prof-frontend,3,6091,,,,,
2023-06-25,25,vk,cpc,prof-java,21,9138,,,,,
2023-06-25,25,vk,cpc,prof-python,25,6042,,,,,
2023-06-25,25,vk,cpp,base-frontend,2,,,,,,
2023-06-25,25,vk,social,base-python,1,,,,,,
2023-06-25,25,vk,social,dod-python-java,1,,,,,,
2023-06-25,25,vk,social,general,1,,,,,,
2023-06-25,25,vk,social,hexlet-blog,1,,,,,,
2023-06-25,25,vk,social,prof-python,1,,,,,,
2023-06-25,25,vk-senler,cpc,dod-frontend,1,,,,,,
2023-06-25,25,vk-senler,cpc,freemium,3,,,,,,
2023-06-25,25,vkontakte,social,button-vk,1,,,,,,
2023-06-25,25,yandex,cpc,base-frontend,40,,,,,,
2023-06-25,25,yandex,cpc,base-java,66,11999,,,,,
2023-06-25,25,yandex,cpc,base-professions-retarget,4,,,,,,
2023-06-25,25,yandex,cpc,base-python,61,8006,,,,,
2023-06-25,25,yandex,cpc,dod-frontend,22,,,,,,
2023-06-25,25,yandex,cpc,dod-java,9,,,,,,
2023-06-25,25,yandex,cpc,dod-php,7,,,,,,
2023-06-25,25,yandex,cpc,dod-professions,12,,,,,,
2023-06-25,25,yandex,cpc,dod-python-java,4,,,,,,
2023-06-25,25,yandex,cpc,dod-qa,6,,,,,,
2023-06-25,25,yandex,cpc,freemium,211,14213,,,,,
2023-06-25,25,yandex,cpc,prof-data-analytics,23,4694,,,,,
2023-06-25,25,yandex,cpc,prof-frontend,147,57264,,,,,
2023-06-25,25,yandex,cpc,prof-java,149,37431,,,,,
2023-06-25,25,yandex,cpc,prof-professions-brand,46,5162,,,,,
2023-06-25,25,yandex,cpc,prof-professions-retarget,29,919,,,,,
2023-06-25,25,yandex,cpc,prof-python,157,41468,,,,,
2023-06-25,25,yandex.com,organic,,3,,,,,,
2023-06-25,25,zen,social,hexlet,1,,,,,,
2023-06-26,26,admitad,cpa,"442763",1,,,,,,
2023-06-26,26,admitad,cpa,admitad,68,,,,,,
2023-06-26,26,admitad,cpc,"183258",1,,,,,,
2023-06-26,26,baidu.com,organic,,3,,,,,,
2023-06-26,26,bing.com,organic,,37,,,,,,
2023-06-26,26,dzen,social,dzen-post,1,,,,,,
2023-06-26,26,facebook,social,hexlet-blog,4,,,,,,
2023-06-26,26,google,organic,,4721,,1,1,126000,,1.00
2023-06-26,26,instagram,social,all-courses,1,,,,,,
2023-06-26,26,instagram,social,hexlet-blog,1,,,,,,
2023-06-26,26,instagram,social,promo,1,,,,,,
2023-06-26,26,organic,organic,,793,,1,,,,
2023-06-26,26,podcast,social,interview,1,,,,,,
2023-06-26,26,search.ukr.net,organic,,1,,,,,,
2023-06-26,26,telegram,cpp,base-frontend,1,,,,,,
2023-06-26,26,telegram,cpp,base-java,9,,,,,,
2023-06-26,26,telegram,cpp,base-python,57,,,,,,
2023-06-26,26,telegram,cpp,prof-data-analytics,1,,,,,,
2023-06-26,26,telegram,cpp,prof-frontend,1,,,,,,
2023-06-26,26,telegram,cpp,prof-java,3,,,,,,
2023-06-26,26,telegram,cpp,prof-python,4,,,,,,
2023-06-26,26,telegram,social,course_completed,1,,,,,,
2023-06-26,26,telegram,social,dod-professions,1,,,,,,
2023-06-26,26,telegram,social,hexlet-blog,66,,,,,,
2023-06-26,26,telegram,social,uyazvimost-v-java-ugrozhaet-sotnyam-tysyach,1,,,,,,
2023-06-26,26,twitter,social,"9-marta-v-1930-po-moskovskomu-vremeni-p",1,,,,,,
2023-06-26,26,vk,cpc,base-python,3,1886,,,,,
2023-06-26,26,vk,cpc,freemium-frontend,8,2538,,,,,
2023-06-26,26,vk,cpc,freemium-java,1,1516,,,,,
2023-06-26,26,vk,cpc,freemium-python,7,1967,,,,,
2023-06-26,26,vk,cpc,prof-data-analytics,4,1401,,,,,
2023-06-26,26,vk,cpc,prof-frontend,4,4319,,,,,
2023-06-26,26,vk,cpc,prof-java,17,7992,,,,,
2023-06-26,26,vk,cpc,prof-python,21,5803,,,,,
2023-06-26,26,vk,cpp,base-frontend,1,,,,,,
2023-06-26,26,vk,cpp,base-java,1,,,,,,
2023-06-26,26,vk,cpp,dod-python-java,1,,,,,,
2023-06-26,26,vk,social,base-java,2,,,,,,
2023-06-26,26,vk,social,base-python,1,,,,,,
2023-06-26,26,vk,social,general,1,,,,,,
2023-06-26,26,vk,social,hexlet-blog,4,,,,,,
2023-06-26,26,vk,social,prof-python,2,,,,,,
2023-06-26,26,vk-senler,cpc,base-frontend,1,,,,,,
2023-06-26,26,vk-senler,cpc,freemium,12,,,,,,
2023-06-26,26,yandex,cpc,base-frontend,43,,,,,,
2023-06-26,26,yandex,cpc,base-java,52,10728,,,,,
2023-06-26,26,yandex,cpc,base-professions-retarget,4,,,,,,
2023-06-26,26,yandex,cpc,base-python,57,7940,,,,,
2023-06-26,26,yandex,cpc,dod-frontend,19,,,,,,
2023-06-26,26,yandex,cpc,dod-java,6,,,,,,
2023-06-26,26,yandex,cpc,dod-php,3,,,,,,
2023-06-26,26,yandex,cpc,dod-professions,19,,,,,,
2023-06-26,26,yandex,cpc,dod-python-java,11,,,,,,
2023-06-26,26,yandex,cpc,dod-qa,7,,,,,,
2023-06-26,26,yandex,cpc,freemium,251,16668,,,,,
2023-06-26,26,yandex,cpc,prof-data-analytics,36,4699,,,,,
2023-06-26,26,yandex,cpc,prof-frontend,166,59123,,,,,
2023-06-26,26,yandex,cpc,prof-java,121,35429,,,,,
2023-06-26,26,yandex,cpc,prof-professions-brand,40,4286,,,,,
2023-06-26,26,yandex,cpc,prof-professions-retarget,18,1431,,,,,
2023-06-26,26,yandex,cpc,prof-python,187,41547,,,,,
2023-06-26,26,yandex.com,organic,,1,,,,,,
2023-06-26,26,zen,social,all-courses,1,,,,,,
2023-06-26,26,zen,social,prof-python,1,,,,,,
2023-06-27,26,Yandex,cpc,"73043444",1,,,,,,
2023-06-27,26,admitad,cpa,admitad,42,,,,,,
2023-06-27,26,admitad,cpc,"183258",1,,,,,,
2023-06-27,26,bing.com,organic,,37,,,,,,
2023-06-27,26,dzen,social,dzen_post,1,,,,,,
2023-06-27,26,facebook,social,hexlet-blog,2,,,,,,
2023-06-27,26,google,organic,,5158,,7,,,,
2023-06-27,26,organic,organic,,1435,,,,,,
2023-06-27,26,telegram,cpp,base-frontend,10,,,,,,
2023-06-27,26,telegram,cpp,base-java,11,,,,,,
2023-06-27,26,telegram,cpp,base-python,19,,,,,,
2023-06-27,26,telegram,cpp,prof-frontend,1,,,,,,
2023-06-27,26,telegram,cpp,prof-java,2,,,,,,
2023-06-27,26,telegram,cpp,prof-python,1,,,,,,
2023-06-27,26,telegram,social,"20-sovetov-dlya-buduschih-programmistov--ko",1,,,,,,
2023-06-27,26,telegram,social,all-courses,1,,,,,,
2023-06-27,26,telegram,social,dod-professions,1,,,,,,
2023-06-27,26,telegram,social,hexlet-blog,22,,,,,,
2023-06-27,26,twitter,social,analitik-dannyh,1,,,,,,
2023-06-27,26,twitter,social,course_completed,1,,,,,,
2023-06-27,26,twitter,social,hexlet-blog,1,,,,,,
2023-06-27,26,vk,cpc,base-python,9,2410,,,,,
2023-06-27,26,vk,cpc,freemium-frontend,11,2538,,,,,
2023-06-27,26,vk,cpc,freemium-java,2,1523,,,,,
2023-06-27,26,vk,cpc,freemium-python,7,2015,,,,,
2023-06-27,26,vk,cpc,prof-frontend,5,6660,,,,,
2023-06-27,26,vk,cpc,prof-java,9,5394,,,,,
2023-06-27,26,vk,cpc,prof-python,16,4676,,,,,
2023-06-27,26,vk,cpc,yaintern,1,,,,,,
2023-06-27,26,vk,cpp,base-frontend,1,,,,,,
2023-06-27,26,vk,cpp,base-java,1,,,,,,
2023-06-27,26,vk,social,all-courses,2,,,,,,
2023-06-27,26,vk,social,base-frontend,1,,,,,,
2023-06-27,26,vk,social,base-python,1,,,,,,
2023-06-27,26,vk,social,dod-professions,1,,,,,,
2023-06-27,26,vk,social,general,2,,,,,,
2023-06-27,26,vk,social,hexlet-blog,1,,,,,,
2023-06-27,26,vk,social,prof-python,1,,,,,,
2023-06-27,26,vk-senler,cpc,freemium,19,,,,,,
2023-06-27,26,yandex,cpc,base-frontend,39,,,,,,
2023-06-27,26,yandex,cpc,base-java,58,5584,,,,,
2023-06-27,26,yandex,cpc,base-professions-retarget,2,,,,,,
2023-06-27,26,yandex,cpc,base-python,58,10271,,,,,
2023-06-27,26,yandex,cpc,dod-frontend,13,,,,,,
2023-06-27,26,yandex,cpc,dod-java,9,,,,,,
2023-06-27,26,yandex,cpc,dod-php,3,,,,,,
2023-06-27,26,yandex,cpc,dod-professions,27,,,,,,
2023-06-27,26,yandex,cpc,dod-python-java,10,,,,,,
2023-06-27,26,yandex,cpc,dod-qa,5,,,,,,
2023-06-27,26,yandex,cpc,freemium,238,13694,,,,,
2023-06-27,26,yandex,cpc,prof-data-analytics,38,7092,,,,,
2023-06-27,26,yandex,cpc,prof-frontend,158,60963,,,,,
2023-06-27,26,yandex,cpc,prof-java,128,28235,,,,,
2023-06-27,26,yandex,cpc,prof-professions-brand,58,5257,,,,,
2023-06-27,26,yandex,cpc,prof-professions-retarget,32,669,,,,,
2023-06-27,26,yandex,cpc,prof-python,175,39939,,,,,
2023-06-27,26,yandex-direct,cpc,"26980930",1,,,,,,
2023-06-27,26,yandex.com,organic,,4,,,,,,
2023-06-27,26,zen,social,blog,1,,,,,,
2023-06-28,26,Yandex,cpc,"67469241",1,,,,,,
2023-06-28,26,admitad,cpa,admitad,71,,,,,,
2023-06-28,26,admitad,cpc,"183258",1,,,,,,
2023-06-28,26,bing.com,organic,,33,,,,,,
2023-06-28,26,facebook,social,hexlet-blog,5,,,,,,
2023-06-28,26,google,organic,,5174,,2,,,,
2023-06-28,26,instagram,social,hexlet-blog,1,,,,,,
2023-06-28,26,instagram,social,prof-java,1,,,,,,
2023-06-28,26,mytarget,cpc,freemium,1,,,,,,
2023-06-28,26,mytarget,cpc,retarget,1,,,,,,
2023-06-28,26,organic,organic,,1482,,3,3,329734,,1.00
2023-06-28,26,partners,cpm,prof-data-analytics,1,,,,,,
2023-06-28,26,telegram,cpm,base,1,,,,,,
2023-06-28,26,telegram,cpp,base-frontend,5,,,,,,
2023-06-28,26,telegram,cpp,base-java,15,,,,,,
2023-06-28,26,telegram,cpp,base-python,32,,,,,,
2023-06-28,26,telegram,cpp,prof-java,2,,,,,,
2023-06-28,26,telegram,cpp,prof-python,16,,,,,,
2023-06-28,26,telegram,social,course_completed,2,,,,,,
2023-06-28,26,telegram,social,dod-professions,1,,,,,,
2023-06-28,26,telegram,social,hexlet-blog,13,,,,,,
2023-06-28,26,telegram.me,social,kakoy-yazyk-programmirovaniya-vybrat-dlya,1,,,,,,
2023-06-28,26,twitter,social,promo,1,,,,,,
2023-06-28,26,twitter,social,webinars,1,,,,,,
2023-06-28,26,vk,cpc,base-python,7,2706,,,,,
2023-06-28,26,vk,cpc,freemium-frontend,14,2538,,,,,
2023-06-28,26,vk,cpc,freemium-java,3,1521,,,,,
2023-06-28,26,vk,cpc,freemium-python,8,1954,1,,,0.13,
2023-06-28,26,vk,cpc,prof-data-analytics,1,381,,,,,
2023-06-28,26,vk,cpc,prof-frontend,6,6628,,,,,
2023-06-28,26,vk,cpc,prof-java,8,5757,,,,,
2023-06-28,26,vk,cpc,prof-python,15,4318,,,,,
2023-06-28,26,vk,cpm,java,1,,,,,,
2023-06-28,26,vk,cpp,base-java,5,,,,,,
2023-06-28,26,vk,social,all-courses,2,,,,,,
2023-06-28,26,vk,social,base-python,1,,,,,,
2023-06-28,26,vk,social,hexlet-blog,3,,,,,,
2023-06-28,26,vk,social,prof-python,3,,,,,,
2023-06-28,26,vk,social,prof-qa,1,,,,,,
2023-06-28,26,vk,social,promo,1,,,,,,
2023-06-28,26,vk-senler,cpc,dod-php,1,,,,,,
2023-06-28,26,vk-senler,cpc,freemium,10,,,,,,
2023-06-28,26,yandex,cpc,base-frontend,43,,,,,,
2023-06-28,26,yandex,cpc,base-java,47,10709,,,,,
2023-06-28,26,yandex,cpc,base-professions-retarget,6,,,,,,
2023-06-28,26,yandex,cpc,base-python,60,9590,,,,,
2023-06-28,26,yandex,cpc,dod-frontend,19,,,,,,
2023-06-28,26,yandex,cpc,dod-java,5,,,,,,
2023-06-28,26,yandex,cpc,dod-php,3,,,,,,
2023-06-28,26,yandex,cpc,dod-professions,11,,,,,,
2023-06-28,26,yandex,cpc,dod-python-java,9,,,,,,
2023-06-28,26,yandex,cpc,dod-qa,8,2239,,,,,
2023-06-28,26,yandex,cpc,freemium,239,15892,,,,,
2023-06-28,26,yandex,cpc,prof-data-analytics,27,6179,,,,,
2023-06-28,26,yandex,cpc,prof-frontend,139,65708,,,,,
2023-06-28,26,yandex,cpc,prof-java,112,29048,,,,,
2023-06-28,26,yandex,cpc,prof-professions-brand,34,4791,,,,,
2023-06-28,26,yandex,cpc,prof-professions-retarget,27,1415,,,,,
2023-06-28,26,yandex,cpc,prof-python,186,44881,,,,,
2023-06-28,26,yandex.com,organic,,1,,,,,,
2023-06-29,26,admitad,cpa,admitad,53,,,,,,
2023-06-29,26,admitad,cpc,"442763",1,,,,,,
2023-06-29,26,bing.com,organic,,32,,,,,,
2023-06-29,26,facebook,cpm,freemium-en,1,,,,,,
2023-06-29,26,go.mail.ru,organic,,1,,,,,,
2023-06-29,26,google,organic,,5831,,2,,,,
2023-06-29,26,instagram,social,hexlet-blog,1,,,,,,
2023-06-29,26,instagram,social,prof-python,1,,,,,,
2023-06-29,26,organic,organic,,1022,,2,,,,
2023-06-29,26,partners,cpm,all,1,,,,,,
2023-06-29,26,telegram,cpm,base,1,,,,,,
2023-06-29,26,telegram,cpp,base-frontend,5,,,,,,
2023-06-29,26,telegram,cpp,base-java,8,,,,,,
2023-06-29,26,telegram,cpp,base-python,43,,,,,,
2023-06-29,26,telegram,cpp,dod-data-analytics,1,,,,,,
2023-06-29,26,telegram,cpp,dod-frontend,1,,,,,,
2023-06-29,26,telegram,cpp,dod-qa,9,,,,,,
2023-06-29,26,telegram,cpp,prof-frontend,1,,,,,,
2023-06-29,26,telegram,cpp,prof-java,12,,,,,,
2023-06-29,26,telegram,cpp,prof-python,4,,,,,,
2023-06-29,26,telegram,social,analitik-dannyh,1,,,,,,
2023-06-29,26,telegram,social,dod-professions,1,,,,,,
2023-06-29,26,telegram,social,hexlet-blog,16,,,,,,
2023-06-29,26,telegram,social,promo,2,,,,,,
2023-06-29,26,timepad,cpp,base-frontend,1,,,,,,
2023-06-29,26,twitter,social,hexlet-blog,1,,,,,,
2023-06-29,26,twitter.com,social,chto-napisat-v-soprovoditelnom-pisme-i,1,,,,,,
2023-06-29,26,vc,cpp,dod-qa,1,,,,,,
2023-06-29,26,vk,cpc,base-python,3,2511,,,,,
2023-06-29,26,vk,cpc,freemium,1,,,,,,
2023-06-29,26,vk,cpc,freemium-frontend,20,2538,,,,,
2023-06-29,26,vk,cpc,freemium-java,2,1523,,,,,
2023-06-29,26,vk,cpc,freemium-python,6,2052,,,,,
2023-06-29,26,vk,cpc,prof-data-analytics,1,,,,,,
2023-06-29,26,vk,cpc,prof-frontend,10,5442,1,,,0.10,
2023-06-29,26,vk,cpc,prof-java,8,5743,,,,,
2023-06-29,26,vk,cpc,prof-python,13,4303,,,,,
2023-06-29,26,vk,cpp,base-java,4,,,,,,
2023-06-29,26,vk,social,all-courses,1,,,,,,
2023-06-29,26,vk,social,base-frontend,6,,,,,,
2023-06-29,26,vk,social,base-java,3,,,,,,
2023-06-29,26,vk,social,base-python,7,,,,,,
2023-06-29,26,vk,social,general,4,,,,,,
2023-06-29,26,vk,social,prof-data-analyst,1,,,,,,
2023-06-29,26,vk,social,unpack,1,,,,,,
2023-06-29,26,vk-senler,cpc,base-python,46,,,,,,
2023-06-29,26,vk-senler,cpc,dod-frontend,1,,,,,,
2023-06-29,26,vk-senler,cpc,freemium,18,,,,,,
2023-06-29,26,yandex,cpc,base-frontend,35,4003,,,,,
2023-06-29,26,yandex,cpc,base-java,49,11606,,,,,
2023-06-29,26,yandex,cpc,base-professions-retarget,2,378,,,,,
2023-06-29,26,yandex,cpc,base-python,61,16174,,,,,
2023-06-29,26,yandex,cpc,dod-frontend,18,,,,,,
2023-06-29,26,yandex,cpc,dod-java,11,,,,,,
2023-06-29,26,yandex,cpc,dod-php,4,,,,,,
2023-06-29,26,yandex,cpc,dod-professions,14,,,,,,
2023-06-29,26,yandex,cpc,dod-python-java,12,,,,,,
2023-06-29,26,yandex,cpc,dod-qa,5,7291,,,,,
2023-06-29,26,yandex,cpc,freemium,227,14981,,,,,
2023-06-29,26,yandex,cpc,prof-data-analytics,29,,,,,,
2023-06-29,26,yandex,cpc,prof-frontend,149,65499,,,,,
2023-06-29,26,yandex,cpc,prof-java,122,35170,,,,,
2023-06-29,26,yandex,cpc,prof-professions-brand,37,3262,,,,,
2023-06-29,26,yandex,cpc,prof-professions-retarget,25,903,,,,,
2023-06-29,26,yandex,cpc,prof-python,194,45967,,,,,
2023-06-29,26,yandex.com,organic,,3,,,,,,
2023-06-30,26,admitad,cpa,admitad,71,,,,,,
2023-06-30,26,admitad,cpc,"183258",1,,,,,,
2023-06-30,26,baidu.com,organic,,1,,,,,,
2023-06-30,26,bing.com,organic,,47,,,,,,
2023-06-30,26,facebook,cpc,freemium,1,,,,,,
2023-06-30,26,facebook,social,hexlet-blog,2,,,,,,
2023-06-30,26,google,organic,,777,,,,,,
2023-06-30,26,organic,organic,,1067,,,,,,
2023-06-30,26,partners,cpm,prof-data-analytics,1,,,,,,
2023-06-30,26,rutube,social,all-courses,1,,,,,,
2023-06-30,26,social,youtube,php-open-lesson-260321,1,,,,,,
2023-06-30,26,telegram,cpp,base-frontend,13,,,,,,
2023-06-30,26,telegram,cpp,base-java,29,,,,,,
2023-06-30,26,telegram,cpp,base-python,13,,,,,,
2023-06-30,26,telegram,cpp,dod-java,1,,,,,,
2023-06-30,26,telegram,cpp,prof-java,8,,1,,,0.13,
2023-06-30,26,telegram,cpp,prof-python,7,,1,,,0.14,
2023-06-30,26,telegram,social,course_completed,1,,,,,,
2023-06-30,26,telegram,social,dod-professions,1,,,,,,
2023-06-30,26,telegram,social,hexlet-blog,16,,,,,,
2023-06-30,26,telegram,social,ni-dlya-kogo-ne-sekret--chto-iz-knig-mozhno,1,,,,,,
2023-06-30,26,telegram.me,social,neobhodimyy-minimum-linux-dlya-produktivn,1,,,,,,
2023-06-30,26,tg,social,internship_summer23,1,,,,,,
2023-06-30,26,twitter,social,promo,2,,,,,,
2023-06-30,26,vk,cpc,base-python,3,2284,,,,,
2023-06-30,26,vk,cpc,freemium-frontend,8,2539,,,,,
2023-06-30,26,vk,cpc,freemium-java,4,1524,,,,,
2023-06-30,26,vk,cpc,freemium-python,12,2101,1,,,0.08,
2023-06-30,26,vk,cpc,frontend,1,,,,,,
2023-06-30,26,vk,cpc,prof-frontend,6,4306,1,,,0.17,
2023-06-30,26,vk,cpc,prof-java,14,7529,,,,,
2023-06-30,26,vk,cpc,prof-python,7,4989,,,,,
2023-06-30,26,vk,cpc,yaintern,1,,,,,,
2023-06-30,26,vk,cpp,base-frontend,2,,,,,,
2023-06-30,26,vk,cpp,base-java,6,,,,,,
2023-06-30,26,vk,cpp,dod-qa,1,,,,,,
2023-06-30,26,vk,cpp,intensive-python,1,,,,,,
2023-06-30,26,vk,social,all-courses,2,,,,,,
2023-06-30,26,vk,social,base-frontend,5,,,,,,
2023-06-30,26,vk,social,base-java,3,,,,,,
2023-06-30,26,vk,social,base-python,2,,,,,,
2023-06-30,26,vk,social,general,2,,,,,,
2023-06-30,26,vk,social,hexlet,2,,,,,,
2023-06-30,26,vk,social,prof-python,2,,,,,,
2023-06-30,26,vk-senler,cpc,base-python,15,,,,,,
2023-06-30,26,vk-senler,cpc,freemium,16,,,,,,
2023-06-30,26,vkontakte,social,button-vk,1,,,,,,
2023-06-30,26,yandex,cpc,base-frontend,37,8231,,,,,
2023-06-30,26,yandex,cpc,base-java,64,7338,,,,,
2023-06-30,26,yandex,cpc,base-professions-retarget,5,608,,,,,
2023-06-30,26,yandex,cpc,base-python,77,11174,,,,,
2023-06-30,26,yandex,cpc,dod-frontend,20,,,,,,
2023-06-30,26,yandex,cpc,dod-java,8,,,,,,
2023-06-30,26,yandex,cpc,dod-php,5,,,,,,
2023-06-30,26,yandex,cpc,dod-professions,12,,,,,,
2023-06-30,26,yandex,cpc,dod-python-java,7,,,,,,
2023-06-30,26,yandex,cpc,dod-qa,5,6510,,,,,
2023-06-30,26,yandex,cpc,freemium,200,17861,,,,,
2023-06-30,26,yandex,cpc,prof-data-analytics,37,,,,,,
2023-06-30,26,yandex,cpc,prof-frontend,165,53195,,,,,
2023-06-30,26,yandex,cpc,prof-java,125,37068,,,,,
2023-06-30,26,yandex,cpc,prof-professions-brand,43,2821,,,,,
2023-06-30,26,yandex,cpc,prof-professions-retarget,19,1295,,,,,
2023-06-30,26,yandex,cpc,prof-python,179,37628,,,,,
2023-06-30,26,yandex.com,organic,,1,,,,,,
2023-06-30,26,zen,social,prof-frontend,1,,,,,,
